deal_id,rep_id,deal_date,customer_segment,territory,deal_size_usd,discount_pct,final_deal_value,cycle_days,deal_status,loss_reason
DEAL00001,REP001,2024-05-25,Enterprise,EMEA,107025,10,96322.5,169,Lost,Competitor
DEAL00002,REP001,2024-01-03,Enterprise,EMEA,267207,0,267207.0,137,Lost,Missing Feature
DEAL00003,REP001,2025-03-11,Enterprise,EMEA,380943,10,342848.7,71,Won,
DEAL00004,REP001,2024-01-17,Enterprise,EMEA,408697,5,388262.15,55,Lost,No Decision
DEAL00005,REP001,2025-02-03,Enterprise,EMEA,365122,15,310353.7,216,Lost,Missing Feature
DEAL00006,REP001,2024-06-11,Enterprise,EMEA,484922,15,412183.7,95,Lost,No Decision
DEAL00007,REP001,2025-06-16,Enterprise,EMEA,114716,15,97508.6,93,Lost,No Decision
DEAL00008,REP001,2025-12-05,Enterprise,EMEA,435787,15,370418.95,88,Lost,Price
DEAL00009,REP001,2024-10-29,Enterprise,EMEA,319739,10,287765.1,102,Lost,Poor Fit
DEAL00010,REP001,2024-04-05,Enterprise,EMEA,186576,5,177247.2,178,Lost,Competitor
DEAL00011,REP001,2025-04-25,Enterprise,EMEA,192508,5,182882.6,118,Lost,Budget Cut
DEAL00012,REP001,2025-10-02,Enterprise,EMEA,277218,10,249496.2,115,Won,
DEAL00013,REP001,2025-04-25,Enterprise,EMEA,398663,25,298997.25,87,Won,
DEAL00014,REP001,2025-11-03,Enterprise,EMEA,346661,5,329327.95,162,Won,
DEAL00015,REP001,2025-03-20,Enterprise,EMEA,339644,20,271715.2,170,Lost,No Decision
DEAL00016,REP001,2025-05-11,Enterprise,EMEA,469552,30,328686.4,71,Lost,Budget Cut
DEAL00017,REP001,2024-11-06,Enterprise,EMEA,481897,15,409612.45,156,Lost,Competitor
DEAL00018,REP001,2025-03-25,Enterprise,EMEA,395119,0,395119.0,144,Lost,Budget Cut
DEAL00019,REP001,2025-12-11,Enterprise,EMEA,108381,25,81285.75,151,Lost,Competitor
DEAL00020,REP001,2024-04-24,Enterprise,EMEA,260477,0,260477.0,177,Won,
DEAL00021,REP001,2024-10-25,Enterprise,EMEA,117529,0,117529.0,109,Lost,Competitor
DEAL00022,REP001,2024-05-06,Enterprise,EMEA,265301,5,252035.95,118,Lost,Timing
DEAL00023,REP001,2025-04-12,Enterprise,EMEA,258239,10,232415.1,102,Lost,Competitor
DEAL00024,REP001,2025-07-06,Enterprise,EMEA,183038,10,164734.2,150,Lost,Missing Feature
DEAL00025,REP001,2024-07-12,Enterprise,EMEA,275793,20,220634.4,112,Won,
DEAL00026,REP001,2025-10-31,Enterprise,EMEA,465208,30,325645.6,68,Lost,Competitor
DEAL00027,REP001,2024-09-05,Enterprise,EMEA,202391,10,182151.9,105,Lost,Price
DEAL00028,REP001,2025-10-14,Enterprise,EMEA,183184,5,174024.8,125,Lost,No Decision
DEAL00029,REP001,2025-06-26,Enterprise,EMEA,416615,0,416615.0,88,Won,
DEAL00030,REP001,2024-05-27,Enterprise,EMEA,251967,10,226770.3,144,Lost,No Decision
DEAL00031,REP001,2024-03-01,Enterprise,EMEA,384833,5,365591.35,125,Lost,Timing
DEAL00032,REP002,2025-06-05,SMB,EMEA,11999,5,11399.05,24,Lost,Price
DEAL00033,REP002,2024-04-23,SMB,EMEA,22145,0,22145.0,36,Lost,Price
DEAL00034,REP002,2025-08-10,SMB,EMEA,18767,0,18767.0,35,Won,
DEAL00035,REP002,2024-02-01,SMB,EMEA,18880,0,18880.0,24,Lost,Poor Fit
DEAL00036,REP002,2024-03-26,SMB,EMEA,21344,0,21344.0,41,Lost,Poor Fit
DEAL00037,REP002,2024-01-21,SMB,EMEA,24194,5,22984.3,11,Lost,Price
DEAL00038,REP002,2024-12-19,SMB,EMEA,9857,10,8871.3,27,Won,
DEAL00039,REP002,2024-11-14,SMB,EMEA,10756,5,10218.2,42,Lost,Price
DEAL00040,REP002,2025-11-27,SMB,EMEA,22500,0,22500.0,46,Won,
DEAL00041,REP002,2025-09-17,SMB,EMEA,16528,25,12396.0,40,Won,
DEAL00042,REP002,2024-11-21,SMB,EMEA,18406,20,14724.8,41,Won,
DEAL00043,REP002,2024-03-17,SMB,EMEA,23325,5,22158.75,33,Won,
DEAL00044,REP002,2024-03-14,SMB,EMEA,16228,5,15416.6,30,Won,
DEAL00045,REP002,2024-11-27,SMB,EMEA,13000,5,12350.0,18,Won,
DEAL00046,REP002,2024-09-01,SMB,EMEA,7881,15,6698.85,33,Lost,Price
DEAL00047,REP002,2025-04-09,SMB,EMEA,11185,15,9507.25,22,Lost,Competitor
DEAL00048,REP002,2024-04-21,SMB,EMEA,17696,10,15926.4,39,Won,
DEAL00049,REP002,2024-02-08,SMB,EMEA,19986,10,17987.4,36,Lost,Competitor
DEAL00050,REP002,2025-03-21,SMB,EMEA,18828,10,16945.2,23,Won,
DEAL00051,REP002,2024-09-21,SMB,EMEA,19588,5,18608.6,27,Lost,Competitor
DEAL00052,REP002,2024-04-22,SMB,EMEA,11461,5,10887.95,38,Lost,Price
DEAL00053,REP002,2024-07-05,SMB,EMEA,14304,10,12873.6,25,Lost,Timing
DEAL00054,REP002,2025-08-04,SMB,EMEA,15147,15,12874.95,34,Won,
DEAL00055,REP002,2024-01-19,SMB,EMEA,9276,5,8812.2,24,Won,
DEAL00056,REP002,2025-11-25,SMB,EMEA,13245,30,9271.5,7,Lost,Price
DEAL00057,REP002,2025-08-02,SMB,EMEA,11976,20,9580.8,36,Lost,Price
DEAL00058,REP002,2025-07-16,SMB,EMEA,6031,0,6031.0,19,Won,
DEAL00059,REP002,2025-11-25,SMB,EMEA,18998,5,18048.1,17,Won,
DEAL00060,REP002,2024-01-10,SMB,EMEA,7939,0,7939.0,31,Won,
DEAL00061,REP002,2024-07-28,SMB,EMEA,12972,10,11674.8,16,Won,
DEAL00062,REP002,2025-02-19,SMB,EMEA,11044,0,11044.0,20,Lost,Price
DEAL00063,REP002,2024-01-18,SMB,EMEA,18858,5,17915.1,42,Won,
DEAL00064,REP002,2024-11-14,SMB,EMEA,22920,15,19482.0,25,Lost,Missing Feature
DEAL00065,REP002,2024-03-20,SMB,EMEA,12991,5,12341.45,11,Won,
DEAL00066,REP002,2025-12-23,SMB,EMEA,14327,0,14327.0,38,Won,
DEAL00067,REP002,2024-11-12,SMB,EMEA,19633,5,18651.35,36,Lost,Price
DEAL00068,REP002,2024-03-26,SMB,EMEA,10370,0,10370.0,11,Won,
DEAL00069,REP002,2025-08-05,SMB,EMEA,17436,10,15692.4,30,Lost,No Decision
DEAL00070,REP002,2025-03-21,SMB,EMEA,12236,10,11012.4,21,Lost,Price
DEAL00071,REP002,2024-07-02,SMB,EMEA,23033,10,20729.7,14,Won,
DEAL00072,REP002,2024-10-19,SMB,EMEA,16556,15,14072.6,21,Lost,Missing Feature
DEAL00073,REP002,2025-02-15,SMB,EMEA,15107,20,12085.6,18,Lost,Price
DEAL00074,REP002,2025-10-08,SMB,EMEA,21295,0,21295.0,46,Lost,Timing
DEAL00075,REP002,2025-07-24,SMB,EMEA,11302,10,10171.8,18,Lost,Price
DEAL00076,REP002,2024-06-30,SMB,EMEA,12494,0,12494.0,42,Lost,No Decision
DEAL00077,REP002,2025-11-18,SMB,EMEA,16080,0,16080.0,19,Won,
DEAL00078,REP002,2025-10-17,SMB,EMEA,8718,15,7410.3,33,Lost,Timing
DEAL00079,REP002,2025-06-08,SMB,EMEA,20932,0,20932.0,42,Lost,Competitor
DEAL00080,REP002,2024-05-19,SMB,EMEA,5036,10,4532.4,27,Lost,Budget Cut
DEAL00081,REP002,2025-09-09,SMB,EMEA,8880,0,8880.0,21,Won,
DEAL00082,REP002,2025-10-23,SMB,EMEA,17075,5,16221.25,36,Won,
DEAL00083,REP002,2025-09-18,SMB,EMEA,5414,0,5414.0,16,Lost,No Decision
DEAL00084,REP002,2025-04-19,SMB,EMEA,17888,0,17888.0,44,Won,
DEAL00085,REP003,2024-04-03,SMB,APAC,24364,20,19491.2,34,Lost,Poor Fit
DEAL00086,REP003,2025-07-27,SMB,APAC,15222,0,15222.0,46,Lost,Competitor
DEAL00087,REP003,2025-11-20,SMB,APAC,23601,10,21240.9,25,Lost,Competitor
DEAL00088,REP003,2025-09-10,SMB,APAC,15457,0,15457.0,21,Lost,Price
DEAL00089,REP003,2025-02-20,SMB,APAC,11516,10,10364.4,29,Lost,Timing
DEAL00090,REP003,2024-09-28,SMB,APAC,6421,20,5136.8,25,Won,
DEAL00091,REP003,2024-03-21,SMB,APAC,5255,0,5255.0,32,Lost,Competitor
DEAL00092,REP003,2024-01-24,SMB,APAC,14919,0,14919.0,13,Won,
DEAL00093,REP003,2025-02-24,SMB,APAC,11277,10,10149.3,42,Lost,Timing
DEAL00094,REP003,2025-03-10,SMB,APAC,11869,5,11275.55,27,Lost,Competitor
DEAL00095,REP003,2024-08-29,SMB,APAC,17386,5,16516.7,33,Lost,Price
DEAL00096,REP003,2025-08-11,SMB,APAC,23961,20,19168.8,16,Lost,Poor Fit
DEAL00097,REP003,2024-04-01,SMB,APAC,6950,25,5212.5,27,Lost,Timing
DEAL00098,REP003,2024-10-06,SMB,APAC,24308,15,20661.8,13,Lost,Timing
DEAL00099,REP003,2025-11-06,SMB,APAC,17026,10,15323.4,36,Lost,Competitor
DEAL00100,REP003,2024-01-14,SMB,APAC,8033,0,8033.0,29,Lost,Price
DEAL00101,REP003,2025-05-06,SMB,APAC,19294,0,19294.0,20,Lost,Competitor
DEAL00102,REP003,2024-01-08,SMB,APAC,20611,0,20611.0,28,Lost,Timing
DEAL00103,REP004,2024-01-26,Enterprise,North America,248063,0,248063.0,105,Won,
DEAL00104,REP004,2025-08-11,Enterprise,North America,179876,0,179876.0,92,Lost,Price
DEAL00105,REP004,2024-01-08,Enterprise,North America,343722,0,343722.0,22,Won,
DEAL00106,REP004,2025-10-01,Enterprise,North America,420739,0,420739.0,116,Lost,Poor Fit
DEAL00107,REP004,2025-07-10,Enterprise,North America,105914,10,95322.6,139,Lost,Competitor
DEAL00108,REP004,2024-06-24,Enterprise,North America,226599,15,192609.15,86,Won,
DEAL00109,REP004,2025-12-19,Enterprise,North America,335654,25,251740.5,100,Won,
DEAL00110,REP004,2025-06-10,Enterprise,North America,142039,25,106529.25,185,Lost,Competitor
DEAL00111,REP004,2025-04-21,Enterprise,North America,180903,30,126632.1,149,Lost,Missing Feature
DEAL00112,REP004,2024-08-18,Enterprise,North America,161748,25,121311.0,97,Lost,Poor Fit
DEAL00113,REP004,2024-10-26,Enterprise,North America,256640,10,230976.0,123,Lost,Competitor
DEAL00114,REP004,2024-10-29,Enterprise,North America,392192,0,392192.0,116,Lost,No Decision
DEAL00115,REP004,2024-01-15,Enterprise,North America,444087,0,444087.0,133,Lost,Price
DEAL00116,REP004,2025-08-10,Enterprise,North America,311321,15,264622.85,100,Won,
DEAL00117,REP004,2025-02-27,Enterprise,North America,344688,5,327453.6,85,Lost,Missing Feature
DEAL00118,REP004,2025-01-25,Enterprise,North America,162112,20,129689.6,75,Won,
DEAL00119,REP004,2024-04-04,Enterprise,North America,321490,0,321490.0,137,Lost,Budget Cut
DEAL00120,REP004,2025-02-09,Enterprise,North America,335067,20,268053.6,94,Lost,Missing Feature
DEAL00121,REP004,2024-06-18,Enterprise,North America,366890,5,348545.5,110,Won,
DEAL00122,REP004,2025-06-10,Enterprise,North America,441090,5,419035.5,80,Lost,No Decision
DEAL00123,REP004,2025-07-02,Enterprise,North America,205940,15,175049.0,118,Lost,No Decision
DEAL00124,REP004,2025-05-02,Enterprise,North America,479028,5,455076.6,105,Lost,Price
DEAL00125,REP004,2024-07-03,Enterprise,North America,370628,25,277971.0,99,Won,
DEAL00126,REP004,2025-12-09,Enterprise,North America,372459,20,297967.2,89,Won,
DEAL00127,REP004,2025-07-03,Enterprise,North America,107971,0,107971.0,99,Lost,Timing
DEAL00128,REP004,2025-04-08,Enterprise,North America,241609,10,217448.1,113,Won,
DEAL00129,REP004,2025-04-15,Enterprise,North America,353978,20,283182.4,130,Lost,Price
DEAL00130,REP004,2024-02-12,Enterprise,North America,320010,20,256008.0,146,Lost,Missing Feature
DEAL00131,REP004,2024-09-11,Enterprise,North America,275050,0,275050.0,63,Won,
DEAL00132,REP004,2025-12-07,Enterprise,North America,207009,5,196658.55,66,Lost,Competitor
DEAL00133,REP004,2025-03-28,Enterprise,North America,213259,0,213259.0,102,Lost,Price
DEAL00134,REP004,2025-07-14,Enterprise,North America,494718,15,420510.3,88,Lost,Price
DEAL00135,REP004,2024-01-15,Enterprise,North America,345352,20,276281.6,119,Lost,Timing
DEAL00136,REP005,2025-01-21,SMB,EMEA,12232,5,11620.4,29,Won,
DEAL00137,REP005,2024-01-30,SMB,EMEA,10913,10,9821.7,10,Won,
DEAL00138,REP005,2024-11-25,SMB,EMEA,9791,20,7832.8,19,Lost,Competitor
DEAL00139,REP005,2024-11-09,SMB,EMEA,23177,0,23177.0,49,Lost,Competitor
DEAL00140,REP005,2024-04-16,SMB,EMEA,9155,10,8239.5,31,Lost,Budget Cut
DEAL00141,REP005,2024-04-05,SMB,EMEA,23977,10,21579.3,26,Won,
DEAL00142,REP005,2024-08-21,SMB,EMEA,15350,0,15350.0,36,Won,
DEAL00143,REP005,2024-08-24,SMB,EMEA,10247,10,9222.3,28,Lost,Timing
DEAL00144,REP005,2024-03-30,SMB,EMEA,21494,0,21494.0,42,Lost,Competitor
DEAL00145,REP005,2025-03-16,SMB,EMEA,7504,5,7128.8,31,Lost,Competitor
DEAL00146,REP005,2025-01-29,SMB,EMEA,7196,5,6836.2,36,Lost,Budget Cut
DEAL00147,REP005,2024-09-09,SMB,EMEA,19497,5,18522.15,34,Lost,Missing Feature
DEAL00148,REP005,2024-10-01,SMB,EMEA,16730,5,15893.5,28,Won,
DEAL00149,REP005,2025-06-05,SMB,EMEA,9359,0,9359.0,34,Won,
DEAL00150,REP005,2025-06-23,SMB,EMEA,16730,5,15893.5,20,Won,
DEAL00151,REP005,2024-11-17,SMB,EMEA,22718,10,20446.2,29,Won,
DEAL00152,REP005,2025-10-29,SMB,EMEA,15064,30,10544.8,18,Lost,Missing Feature
DEAL00153,REP005,2025-02-04,SMB,EMEA,10674,0,10674.0,24,Lost,No Decision
DEAL00154,REP005,2024-12-18,SMB,EMEA,11945,0,11945.0,27,Lost,Poor Fit
DEAL00155,REP005,2024-06-04,SMB,EMEA,6018,5,5717.1,30,Lost,Poor Fit
DEAL00156,REP005,2024-12-13,SMB,EMEA,5976,15,5079.6,34,Lost,Poor Fit
DEAL00157,REP005,2024-06-13,SMB,EMEA,5107,10,4596.3,20,Lost,Missing Feature
DEAL00158,REP005,2024-02-29,SMB,EMEA,15603,10,14042.7,35,Lost,Timing
DEAL00159,REP005,2025-06-28,SMB,EMEA,20250,15,17212.5,33,Won,
DEAL00160,REP005,2024-10-12,SMB,EMEA,19167,5,18208.65,27,Lost,Timing
DEAL00161,REP005,2025-10-25,SMB,EMEA,16927,5,16080.65,33,Lost,Competitor
DEAL00162,REP005,2024-03-11,SMB,EMEA,6811,0,6811.0,26,Lost,Competitor
DEAL00163,REP005,2025-09-14,SMB,EMEA,13916,5,13220.2,24,Lost,Competitor
DEAL00164,REP005,2025-05-19,SMB,EMEA,11975,0,11975.0,29,Won,
DEAL00165,REP005,2024-06-23,SMB,EMEA,7808,15,6636.8,35,Lost,Timing
DEAL00166,REP006,2025-09-23,SMB,LATAM,16877,10,15189.3,24,Lost,Competitor
DEAL00167,REP006,2025-06-16,SMB,LATAM,9317,0,9317.0,34,Lost,Competitor
DEAL00168,REP006,2025-07-11,SMB,LATAM,23004,20,18403.2,16,Won,
DEAL00169,REP006,2025-07-24,SMB,LATAM,11630,0,11630.0,35,Won,
DEAL00170,REP006,2025-08-07,SMB,LATAM,14476,15,12304.6,28,Won,
DEAL00171,REP006,2024-08-09,SMB,LATAM,12614,5,11983.3,37,Lost,Competitor
DEAL00172,REP006,2025-09-09,SMB,LATAM,6652,10,5986.8,47,Lost,Price
DEAL00173,REP006,2024-09-29,SMB,LATAM,6551,5,6223.45,16,Won,
DEAL00174,REP006,2025-04-12,SMB,LATAM,21065,0,21065.0,41,Won,
DEAL00175,REP006,2024-08-08,SMB,LATAM,24548,10,22093.2,32,Lost,Competitor
DEAL00176,REP006,2024-01-20,SMB,LATAM,15327,15,13027.95,29,Won,
DEAL00177,REP006,2024-07-26,SMB,LATAM,10153,5,9645.35,39,Won,
DEAL00178,REP006,2025-06-28,SMB,LATAM,21672,5,20588.4,27,Lost,No Decision
DEAL00179,REP006,2024-08-27,SMB,LATAM,22567,10,20310.3,26,Won,
DEAL00180,REP006,2024-07-16,SMB,LATAM,19380,0,19380.0,36,Lost,No Decision
DEAL00181,REP006,2024-06-14,SMB,LATAM,17314,20,13851.2,54,Won,
DEAL00182,REP006,2024-06-17,SMB,LATAM,15032,20,12025.6,30,Won,
DEAL00183,REP006,2025-06-20,SMB,LATAM,21508,5,20432.6,28,Won,
DEAL00184,REP006,2024-04-30,SMB,LATAM,9349,5,8881.55,27,Lost,Price
DEAL00185,REP006,2024-07-01,SMB,LATAM,14228,30,9959.6,28,Won,
DEAL00186,REP006,2025-08-28,SMB,LATAM,12614,15,10721.9,37,Won,
DEAL00187,REP006,2024-02-15,SMB,LATAM,9839,10,8855.1,44,Won,
DEAL00188,REP006,2025-05-25,SMB,LATAM,11998,10,10798.2,12,Won,
DEAL00189,REP006,2025-05-01,SMB,LATAM,18700,5,17765.0,27,Lost,Price
DEAL00190,REP006,2025-09-12,SMB,LATAM,7160,0,7160.0,23,Won,
DEAL00191,REP006,2024-01-16,SMB,LATAM,19269,0,19269.0,12,Won,
DEAL00192,REP006,2025-02-21,SMB,LATAM,16741,15,14229.85,17,Won,
DEAL00193,REP006,2025-06-04,SMB,LATAM,19566,0,19566.0,11,Won,
DEAL00194,REP006,2025-08-18,SMB,LATAM,16901,5,16055.95,32,Won,
DEAL00195,REP006,2025-06-25,SMB,LATAM,13269,0,13269.0,27,Lost,Price
DEAL00196,REP006,2024-09-26,SMB,LATAM,15679,15,13327.15,19,Lost,Price
DEAL00197,REP006,2025-07-26,SMB,LATAM,24160,0,24160.0,38,Lost,Competitor
DEAL00198,REP006,2024-01-25,SMB,LATAM,19628,10,17665.2,53,Lost,Price
DEAL00199,REP006,2025-10-07,SMB,LATAM,17941,10,16146.9,28,Lost,Competitor
DEAL00200,REP006,2025-07-28,SMB,LATAM,11021,0,11021.0,21,Won,
DEAL00201,REP006,2024-02-09,SMB,LATAM,22587,15,19198.95,20,Won,
DEAL00202,REP006,2024-01-22,SMB,LATAM,7477,0,7477.0,42,Lost,Competitor
DEAL00203,REP006,2024-03-24,SMB,LATAM,19841,15,16864.85,19,Won,
DEAL00204,REP006,2025-05-23,SMB,LATAM,7340,10,6606.0,26,Won,
DEAL00205,REP006,2025-05-16,SMB,LATAM,20025,0,20025.0,7,Won,
DEAL00206,REP006,2025-08-23,SMB,LATAM,20768,10,18691.2,39,Lost,No Decision
DEAL00207,REP006,2024-12-08,SMB,LATAM,19485,0,19485.0,16,Won,
DEAL00208,REP006,2025-05-03,SMB,LATAM,16552,10,14896.8,35,Lost,Poor Fit
DEAL00209,REP006,2024-06-21,SMB,LATAM,10531,0,10531.0,37,Lost,Poor Fit
DEAL00210,REP006,2025-08-12,SMB,LATAM,24323,5,23106.85,48,Lost,Poor Fit
DEAL00211,REP006,2025-11-21,SMB,LATAM,12074,25,9055.5,22,Lost,No Decision
DEAL00212,REP006,2024-06-16,SMB,LATAM,11764,25,8823.0,32,Won,
DEAL00213,REP006,2025-08-13,SMB,LATAM,21292,10,19162.8,37,Won,
DEAL00214,REP006,2025-05-19,SMB,LATAM,21880,5,20786.0,34,Won,
DEAL00215,REP006,2025-12-18,SMB,LATAM,10733,0,10733.0,35,Won,
DEAL00216,REP006,2025-11-29,SMB,LATAM,22861,10,20574.9,32,Won,
DEAL00217,REP006,2024-02-20,SMB,LATAM,13841,20,11072.8,21,Lost,Price
DEAL00218,REP006,2025-11-08,SMB,LATAM,7243,0,7243.0,30,Won,
DEAL00219,REP006,2024-06-26,SMB,LATAM,17998,0,17998.0,33,Won,
DEAL00220,REP006,2025-04-08,SMB,LATAM,12273,10,11045.7,15,Won,
DEAL00221,REP006,2024-09-20,SMB,LATAM,9617,10,8655.3,13,Won,
DEAL00222,REP006,2025-04-13,SMB,LATAM,18337,25,13752.75,15,Won,
DEAL00223,REP006,2024-05-17,SMB,LATAM,15503,10,13952.7,34,Won,
DEAL00224,REP006,2025-09-02,SMB,LATAM,9694,15,8239.9,28,Lost,Missing Feature
DEAL00225,REP006,2025-08-14,SMB,LATAM,23907,5,22711.65,15,Won,
DEAL00226,REP006,2025-03-22,SMB,LATAM,12982,5,12332.9,27,Lost,Timing
DEAL00227,REP006,2025-10-25,SMB,LATAM,8442,0,8442.0,37,Lost,Timing
DEAL00228,REP006,2024-12-23,SMB,LATAM,18142,5,17234.9,38,Won,
DEAL00229,REP006,2024-10-29,SMB,LATAM,22088,25,16566.0,27,Won,
DEAL00230,REP006,2025-06-16,SMB,LATAM,5754,0,5754.0,20,Won,
DEAL00231,REP006,2025-01-28,SMB,LATAM,10396,0,10396.0,26,Lost,No Decision
DEAL00232,REP006,2024-05-29,SMB,LATAM,22302,10,20071.8,36,Won,
DEAL00233,REP006,2024-12-16,SMB,LATAM,19235,0,19235.0,23,Won,
DEAL00234,REP006,2024-12-30,SMB,LATAM,21784,10,19605.6,33,Lost,Price
DEAL00235,REP006,2025-03-09,SMB,LATAM,5246,5,4983.7,11,Won,
DEAL00236,REP006,2024-03-02,SMB,LATAM,6839,10,6155.1,49,Won,
DEAL00237,REP006,2024-10-29,SMB,LATAM,8691,5,8256.45,36,Lost,No Decision
DEAL00238,REP006,2024-09-23,SMB,LATAM,9300,10,8370.0,32,Won,
DEAL00239,REP006,2025-07-20,SMB,LATAM,22143,0,22143.0,31,Lost,Price
DEAL00240,REP006,2025-02-15,SMB,LATAM,18485,10,16636.5,45,Won,
DEAL00241,REP006,2024-10-30,SMB,LATAM,14457,0,14457.0,17,Won,
DEAL00242,REP006,2025-01-04,SMB,LATAM,9676,10,8708.4,45,Won,
DEAL00243,REP006,2025-08-29,SMB,LATAM,13167,10,11850.3,24,Won,
DEAL00244,REP006,2024-12-18,SMB,LATAM,11931,5,11334.45,34,Won,
DEAL00245,REP006,2024-08-04,SMB,LATAM,5260,15,4471.0,32,Lost,Competitor
DEAL00246,REP006,2024-09-29,SMB,LATAM,12207,20,9765.6,36,Lost,Timing
DEAL00247,REP007,2025-04-28,Mid-Market,LATAM,79068,0,79068.0,44,Lost,Missing Feature
DEAL00248,REP007,2025-03-07,Mid-Market,LATAM,25306,5,24040.7,48,Lost,Price
DEAL00249,REP007,2024-04-27,Mid-Market,LATAM,42256,0,42256.0,64,Lost,Poor Fit
DEAL00250,REP007,2024-03-29,Mid-Market,LATAM,61776,10,55598.4,59,Lost,No Decision
DEAL00251,REP007,2024-10-10,Mid-Market,LATAM,58289,0,58289.0,62,Lost,Price
DEAL00252,REP007,2025-08-08,Mid-Market,LATAM,29781,10,26802.9,83,Lost,Competitor
DEAL00253,REP007,2025-10-04,Mid-Market,LATAM,42101,5,39995.95,67,Lost,Price
DEAL00254,REP007,2024-11-20,Mid-Market,LATAM,58717,0,58717.0,63,Lost,Timing
DEAL00255,REP007,2025-06-19,Mid-Market,LATAM,67607,5,64226.65,70,Lost,Price
DEAL00256,REP007,2025-06-28,Mid-Market,LATAM,64107,5,60901.65,81,Lost,Timing
DEAL00257,REP007,2024-01-11,Mid-Market,LATAM,81234,0,81234.0,56,Lost,Competitor
DEAL00258,REP007,2025-10-24,Mid-Market,LATAM,96835,5,91993.25,90,Lost,Timing
DEAL00259,REP007,2025-01-14,Mid-Market,LATAM,48434,15,41168.9,55,Won,
DEAL00260,REP007,2024-08-01,Mid-Market,LATAM,64470,0,64470.0,59,Won,
DEAL00261,REP007,2025-09-28,Mid-Market,LATAM,57926,10,52133.4,57,Lost,Price
DEAL00262,REP007,2024-04-20,Mid-Market,LATAM,27526,5,26149.7,58,Lost,Timing
DEAL00263,REP007,2025-07-03,Mid-Market,LATAM,61051,5,57998.45,57,Lost,Timing
DEAL00264,REP007,2025-04-07,Mid-Market,LATAM,76458,15,64989.3,40,Lost,Timing
DEAL00265,REP007,2025-10-06,Mid-Market,LATAM,47191,15,40112.35,72,Lost,Competitor
DEAL00266,REP007,2025-07-21,Mid-Market,LATAM,74997,5,71247.15,40,Lost,Competitor
DEAL00267,REP007,2024-12-14,Mid-Market,LATAM,43030,10,38727.0,67,Lost,Timing
DEAL00268,REP007,2025-07-07,Mid-Market,LATAM,72671,25,54503.25,78,Lost,Timing
DEAL00269,REP008,2025-03-16,Enterprise,North America,235669,0,235669.0,88,Lost,Price
DEAL00270,REP008,2024-06-07,Enterprise,North America,355392,0,355392.0,123,Lost,Competitor
DEAL00271,REP008,2024-04-05,Enterprise,North America,344413,0,344413.0,110,Lost,No Decision
DEAL00272,REP008,2024-10-20,Enterprise,North America,381892,20,305513.6,153,Lost,No Decision
DEAL00273,REP008,2024-08-22,Enterprise,North America,436564,0,436564.0,167,Lost,Competitor
DEAL00274,REP008,2024-09-28,Enterprise,North America,234997,0,234997.0,151,Lost,Competitor
DEAL00275,REP008,2025-08-04,Enterprise,North America,272624,5,258992.8,110,Lost,Price
DEAL00276,REP008,2025-07-08,Enterprise,North America,183360,5,174192.0,145,Lost,Price
DEAL00277,REP008,2025-03-19,Enterprise,North America,321404,5,305333.8,191,Lost,Competitor
DEAL00278,REP008,2024-05-16,Enterprise,North America,289016,30,202311.2,103,Lost,Price
DEAL00279,REP008,2024-05-08,Enterprise,North America,456963,0,456963.0,168,Lost,Competitor
DEAL00280,REP008,2024-09-13,Enterprise,North America,390358,5,370840.1,46,Lost,Timing
DEAL00281,REP008,2025-10-23,Enterprise,North America,452954,5,430306.3,166,Lost,Poor Fit
DEAL00282,REP008,2025-06-19,Enterprise,North America,204087,5,193882.65,122,Lost,No Decision
DEAL00283,REP008,2025-07-18,Enterprise,North America,266797,0,266797.0,97,Lost,No Decision
DEAL00284,REP008,2025-06-03,Enterprise,North America,230251,10,207225.9,140,Lost,No Decision
DEAL00285,REP008,2024-07-28,Enterprise,North America,167546,20,134036.8,101,Won,
DEAL00286,REP008,2024-03-07,Enterprise,North America,154607,0,154607.0,124,Lost,Competitor
DEAL00287,REP008,2025-09-04,Enterprise,North America,454045,15,385938.25,69,Lost,Price
DEAL00288,REP008,2025-05-30,Enterprise,North America,379477,10,341529.3,151,Lost,Price
DEAL00289,REP008,2025-12-03,Enterprise,North America,349434,5,331962.3,68,Lost,Price
DEAL00290,REP008,2024-08-17,Enterprise,North America,413174,10,371856.6,102,Won,
DEAL00291,REP008,2025-07-14,Enterprise,North America,228019,10,205217.1,92,Won,
DEAL00292,REP008,2025-08-28,Enterprise,North America,100015,20,80012.0,117,Lost,No Decision
DEAL00293,REP009,2024-11-11,SMB,North America,15196,15,12916.6,27,Won,
DEAL00294,REP009,2025-03-19,SMB,North America,24153,10,21737.7,40,Won,
DEAL00295,REP009,2025-07-19,SMB,North America,10066,0,10066.0,39,Won,
DEAL00296,REP009,2024-04-21,SMB,North America,22199,0,22199.0,21,Won,
DEAL00297,REP009,2025-01-16,SMB,North America,15518,5,14742.1,19,Lost,Price
DEAL00298,REP009,2024-08-01,SMB,North America,10287,0,10287.0,19,Won,
DEAL00299,REP009,2025-02-12,SMB,North America,12433,5,11811.35,24,Lost,Competitor
DEAL00300,REP009,2024-05-11,SMB,North America,22241,10,20016.9,47,Won,
DEAL00301,REP009,2024-01-04,SMB,North America,20660,10,18594.0,25,Won,
DEAL00302,REP009,2025-05-17,SMB,North America,16709,10,15038.1,38,Won,
DEAL00303,REP009,2025-12-20,SMB,North America,20748,10,18673.2,28,Won,
DEAL00304,REP009,2025-04-20,SMB,North America,12319,20,9855.2,23,Lost,Timing
DEAL00305,REP009,2025-01-01,SMB,North America,24798,0,24798.0,30,Won,
DEAL00306,REP009,2024-08-07,SMB,North America,19341,5,18373.95,9,Lost,No Decision
DEAL00307,REP009,2025-09-10,SMB,North America,18697,10,16827.3,45,Lost,Price
DEAL00308,REP009,2024-06-13,SMB,North America,8280,0,8280.0,31,Lost,Price
DEAL00309,REP009,2025-09-05,SMB,North America,20936,0,20936.0,38,Lost,Price
DEAL00310,REP009,2025-06-05,SMB,North America,16859,0,16859.0,25,Lost,Competitor
DEAL00311,REP009,2025-05-04,SMB,North America,24059,5,22856.05,25,Lost,Budget Cut
DEAL00312,REP009,2024-07-22,SMB,North America,22996,5,21846.2,37,Lost,Price
DEAL00313,REP009,2024-02-27,SMB,North America,16041,5,15238.95,27,Lost,Competitor
DEAL00314,REP009,2025-08-12,SMB,North America,21712,10,19540.8,40,Lost,Price
DEAL00315,REP009,2024-06-12,SMB,North America,20314,5,19298.3,26,Won,
DEAL00316,REP009,2025-01-23,SMB,North America,6214,0,6214.0,10,Won,
DEAL00317,REP009,2025-06-14,SMB,North America,20977,15,17830.45,42,Won,
DEAL00318,REP009,2025-04-12,SMB,North America,11569,10,10412.1,41,Lost,Poor Fit
DEAL00319,REP009,2024-07-30,SMB,North America,5590,5,5310.5,33,Won,
DEAL00320,REP009,2025-04-18,SMB,North America,22131,5,21024.45,47,Lost,Missing Feature
DEAL00321,REP009,2024-09-27,SMB,North America,8770,5,8331.5,28,Won,
DEAL00322,REP009,2024-07-27,SMB,North America,19481,0,19481.0,25,Won,
DEAL00323,REP009,2025-04-08,SMB,North America,6620,5,6289.0,25,Lost,Price
DEAL00324,REP009,2025-02-11,SMB,North America,7837,0,7837.0,34,Lost,No Decision
DEAL00325,REP009,2024-08-24,SMB,North America,10487,15,8913.95,30,Won,
DEAL00326,REP009,2024-03-01,SMB,North America,17262,15,14672.7,38,Won,
DEAL00327,REP009,2025-07-17,SMB,North America,12730,0,12730.0,38,Won,
DEAL00328,REP009,2025-01-09,SMB,North America,20131,30,14091.7,39,Won,
DEAL00329,REP009,2024-12-22,SMB,North America,18136,5,17229.2,22,Lost,Missing Feature
DEAL00330,REP009,2024-04-24,SMB,North America,6454,10,5808.6,35,Won,
DEAL00331,REP009,2024-06-11,SMB,North America,20775,20,16620.0,19,Lost,Competitor
DEAL00332,REP009,2025-03-28,SMB,North America,18890,5,17945.5,39,Lost,Price
DEAL00333,REP009,2024-10-06,SMB,North America,6954,5,6606.3,24,Won,
DEAL00334,REP010,2024-12-18,SMB,APAC,11196,0,11196.0,32,Won,
DEAL00335,REP010,2024-04-26,SMB,APAC,16785,5,15945.75,28,Lost,Competitor
DEAL00336,REP010,2025-05-21,SMB,APAC,22443,10,20198.7,32,Won,
DEAL00337,REP010,2024-02-13,SMB,APAC,7473,5,7099.35,38,Won,
DEAL00338,REP010,2024-11-28,SMB,APAC,5594,5,5314.3,36,Lost,Competitor
DEAL00339,REP010,2025-11-17,SMB,APAC,8201,10,7380.9,11,Lost,No Decision
DEAL00340,REP010,2025-05-19,SMB,APAC,6667,25,5000.25,27,Lost,Price
DEAL00341,REP010,2024-08-11,SMB,APAC,16217,25,12162.75,39,Won,
DEAL00342,REP010,2024-07-13,SMB,APAC,19349,15,16446.65,26,Won,
DEAL00343,REP010,2025-02-13,SMB,APAC,15964,15,13569.4,31,Lost,Price
DEAL00344,REP010,2025-01-25,SMB,APAC,11560,10,10404.0,45,Won,
DEAL00345,REP010,2024-03-26,SMB,APAC,17429,0,17429.0,29,Lost,Missing Feature
DEAL00346,REP010,2025-10-10,SMB,APAC,10717,0,10717.0,40,Lost,Competitor
DEAL00347,REP010,2024-01-06,SMB,APAC,18156,10,16340.4,23,Won,
DEAL00348,REP010,2024-10-11,SMB,APAC,8597,0,8597.0,25,Lost,Timing
DEAL00349,REP010,2025-08-22,SMB,APAC,23171,0,23171.0,28,Lost,No Decision
DEAL00350,REP010,2025-03-23,SMB,APAC,22131,10,19917.9,20,Lost,Timing
DEAL00351,REP010,2025-11-13,SMB,APAC,19550,0,19550.0,39,Won,
DEAL00352,REP010,2024-07-22,SMB,APAC,16587,0,16587.0,17,Lost,Poor Fit
DEAL00353,REP010,2024-06-30,SMB,APAC,9927,15,8437.95,17,Lost,Poor Fit
DEAL00354,REP010,2024-07-22,SMB,APAC,15085,0,15085.0,41,Won,
DEAL00355,REP010,2024-01-09,SMB,APAC,8343,15,7091.55,35,Lost,Missing Feature
DEAL00356,REP010,2025-08-06,SMB,APAC,21738,0,21738.0,18,Lost,Competitor
DEAL00357,REP010,2024-05-26,SMB,APAC,7679,20,6143.2,21,Lost,No Decision
DEAL00358,REP010,2024-04-18,SMB,APAC,5825,0,5825.0,28,Won,
DEAL00359,REP010,2025-01-07,SMB,APAC,20779,0,20779.0,26,Won,
DEAL00360,REP010,2025-06-27,SMB,APAC,24935,5,23688.25,30,Won,
DEAL00361,REP010,2024-01-01,SMB,APAC,11459,15,9740.15,26,Lost,Competitor
DEAL00362,REP010,2025-10-05,SMB,APAC,17439,5,16567.05,25,Lost,Competitor
DEAL00363,REP010,2025-10-08,SMB,APAC,20330,15,17280.5,20,Lost,Budget Cut
DEAL00364,REP010,2025-06-22,SMB,APAC,19047,20,15237.6,30,Won,
DEAL00365,REP010,2025-12-16,SMB,APAC,10190,10,9171.0,13,Won,
DEAL00366,REP010,2024-09-02,SMB,APAC,21732,5,20645.4,30,Won,
DEAL00367,REP010,2025-06-13,SMB,APAC,16698,10,15028.2,37,Lost,Competitor
DEAL00368,REP010,2025-09-03,SMB,APAC,14493,20,11594.4,21,Won,
DEAL00369,REP010,2024-03-26,SMB,APAC,22910,10,20619.0,40,Won,
DEAL00370,REP010,2025-01-07,SMB,APAC,23747,10,21372.3,26,Lost,Competitor
DEAL00371,REP010,2024-03-11,SMB,APAC,24441,25,18330.75,36,Lost,No Decision
DEAL00372,REP010,2025-03-31,SMB,APAC,24585,0,24585.0,34,Won,
DEAL00373,REP010,2024-08-31,SMB,APAC,6528,0,6528.0,17,Lost,Timing
DEAL00374,REP010,2024-10-22,SMB,APAC,9492,10,8542.8,40,Lost,Price
DEAL00375,REP010,2025-12-06,SMB,APAC,17575,15,14938.75,7,Won,
DEAL00376,REP011,2024-04-11,Mid-Market,North America,96713,25,72534.75,57,Won,
DEAL00377,REP011,2025-11-21,Mid-Market,North America,41167,0,41167.0,50,Lost,Missing Feature
DEAL00378,REP011,2025-01-30,Mid-Market,North America,54756,15,46542.6,69,Won,
DEAL00379,REP011,2025-04-10,Mid-Market,North America,43715,15,37157.75,77,Lost,Price
DEAL00380,REP011,2025-05-23,Mid-Market,North America,27124,5,25767.8,80,Won,
DEAL00381,REP011,2025-08-10,Mid-Market,North America,89818,0,89818.0,79,Lost,Missing Feature
DEAL00382,REP011,2024-02-25,Mid-Market,North America,36231,0,36231.0,53,Won,
DEAL00383,REP011,2024-09-05,Mid-Market,North America,80965,5,76916.75,73,Won,
DEAL00384,REP011,2024-04-22,Mid-Market,North America,55924,5,53127.8,55,Lost,Poor Fit
DEAL00385,REP011,2024-12-19,Mid-Market,North America,73795,0,73795.0,56,Lost,Timing
DEAL00386,REP011,2025-04-15,Mid-Market,North America,80038,5,76036.1,54,Won,
DEAL00387,REP011,2024-03-20,Mid-Market,North America,39892,5,37897.4,41,Lost,Timing
DEAL00388,REP011,2025-01-20,Mid-Market,North America,41417,5,39346.15,44,Lost,Missing Feature
DEAL00389,REP011,2025-08-26,Mid-Market,North America,87233,15,74148.05,80,Won,
DEAL00390,REP011,2025-05-07,Mid-Market,North America,82042,20,65633.6,43,Lost,Timing
DEAL00391,REP011,2025-02-25,Mid-Market,North America,33983,0,33983.0,71,Won,
DEAL00392,REP011,2024-03-15,Mid-Market,North America,27673,25,20754.75,87,Lost,Timing
DEAL00393,REP011,2025-11-07,Mid-Market,North America,28688,10,25819.2,32,Lost,No Decision
DEAL00394,REP011,2024-12-13,Mid-Market,North America,34638,25,25978.5,31,Won,
DEAL00395,REP011,2025-11-05,Mid-Market,North America,43095,5,40940.25,56,Won,
DEAL00396,REP011,2025-01-01,Mid-Market,North America,70097,20,56077.6,83,Lost,Price
DEAL00397,REP011,2025-04-29,Mid-Market,North America,99647,0,99647.0,79,Won,
DEAL00398,REP011,2024-01-14,Mid-Market,North America,93591,5,88911.45,75,Lost,Missing Feature
DEAL00399,REP011,2024-03-23,Mid-Market,North America,41997,20,33597.6,66,Lost,Timing
DEAL00400,REP011,2024-09-23,Mid-Market,North America,89442,10,80497.8,70,Lost,Competitor
DEAL00401,REP011,2024-01-21,Mid-Market,North America,25244,0,25244.0,57,Lost,Poor Fit
DEAL00402,REP011,2024-12-26,Mid-Market,North America,54583,10,49124.7,60,Won,
DEAL00403,REP011,2025-02-09,Mid-Market,North America,53670,10,48303.0,68,Won,
DEAL00404,REP011,2024-08-07,Mid-Market,North America,41352,5,39284.4,60,Won,
DEAL00405,REP011,2024-10-12,Mid-Market,North America,39035,5,37083.25,76,Lost,No Decision
DEAL00406,REP011,2025-02-22,Mid-Market,North America,98927,10,89034.3,33,Won,
DEAL00407,REP011,2024-03-17,Mid-Market,North America,75808,5,72017.6,72,Lost,Missing Feature
DEAL00408,REP011,2024-11-05,Mid-Market,North America,87077,0,87077.0,15,Lost,Competitor
DEAL00409,REP011,2024-11-01,Mid-Market,North America,45662,10,41095.8,67,Won,
DEAL00410,REP011,2025-05-17,Mid-Market,North America,52201,10,46980.9,43,Lost,Timing
DEAL00411,REP011,2024-05-11,Mid-Market,North America,68021,0,68021.0,55,Lost,Competitor
DEAL00412,REP011,2024-09-14,Mid-Market,North America,65160,10,58644.0,34,Lost,No Decision
DEAL00413,REP011,2024-04-04,Mid-Market,North America,86710,5,82374.5,87,Won,
DEAL00414,REP011,2025-04-09,Mid-Market,North America,33050,5,31397.5,74,Lost,Competitor
DEAL00415,REP011,2024-06-28,Mid-Market,North America,32450,0,32450.0,88,Won,
DEAL00416,REP011,2024-11-23,Mid-Market,North America,40457,10,36411.3,71,Lost,Competitor
DEAL00417,REP012,2025-11-05,Enterprise,APAC,363272,0,363272.0,117,Lost,Price
DEAL00418,REP012,2024-08-28,Enterprise,APAC,371142,10,334027.8,188,Won,
DEAL00419,REP012,2025-04-20,Enterprise,APAC,142407,10,128166.3,136,Won,
DEAL00420,REP012,2025-06-08,Enterprise,APAC,496670,15,422169.5,109,Won,
DEAL00421,REP012,2024-08-17,Enterprise,APAC,356055,5,338252.25,113,Lost,Competitor
DEAL00422,REP012,2025-04-28,Enterprise,APAC,163528,15,138998.8,115,Lost,Poor Fit
DEAL00423,REP012,2025-03-15,Enterprise,APAC,360141,20,288112.8,80,Won,
DEAL00424,REP012,2025-08-12,Enterprise,APAC,138059,20,110447.2,83,Lost,Missing Feature
DEAL00425,REP012,2024-10-03,Enterprise,APAC,188771,15,160455.35,115,Lost,Price
DEAL00426,REP012,2025-06-30,Enterprise,APAC,370804,10,333723.6,117,Lost,Timing
DEAL00427,REP012,2025-04-10,Enterprise,APAC,194182,5,184472.9,54,Lost,Competitor
DEAL00428,REP012,2025-03-25,Enterprise,APAC,282296,0,282296.0,85,Won,
DEAL00429,REP012,2024-07-16,Enterprise,APAC,248940,5,236493.0,188,Lost,Missing Feature
DEAL00430,REP012,2025-11-10,Enterprise,APAC,445893,5,423598.35,135,Lost,Competitor
DEAL00431,REP012,2024-05-14,Enterprise,APAC,431536,0,431536.0,118,Lost,Competitor
DEAL00432,REP012,2025-01-02,Enterprise,APAC,278068,0,278068.0,111,Lost,Poor Fit
DEAL00433,REP013,2025-06-18,Mid-Market,North America,89666,5,85182.7,36,Won,
DEAL00434,REP013,2025-03-28,Mid-Market,North America,49687,10,44718.3,61,Lost,Timing
DEAL00435,REP013,2024-09-09,Mid-Market,North America,89471,10,80523.9,45,Lost,Budget Cut
DEAL00436,REP013,2024-03-02,Mid-Market,North America,79348,5,75380.6,53,Lost,Poor Fit
DEAL00437,REP013,2025-06-24,Mid-Market,North America,68168,25,51126.0,80,Won,
DEAL00438,REP013,2024-01-02,Mid-Market,North America,85167,0,85167.0,76,Lost,Timing
DEAL00439,REP013,2024-10-02,Mid-Market,North America,40467,15,34396.95,58,Lost,Competitor
DEAL00440,REP013,2024-03-23,Mid-Market,North America,84819,5,80578.05,80,Won,
DEAL00441,REP013,2025-01-25,Mid-Market,North America,87744,0,87744.0,24,Lost,Price
DEAL00442,REP013,2024-09-21,Mid-Market,North America,46662,15,39662.7,55,Won,
DEAL00443,REP013,2024-10-23,Mid-Market,North America,40372,0,40372.0,41,Won,
DEAL00444,REP013,2025-06-04,Mid-Market,North America,73481,10,66132.9,75,Won,
DEAL00445,REP013,2025-08-15,Mid-Market,North America,31858,15,27079.3,67,Lost,Poor Fit
DEAL00446,REP013,2024-08-23,Mid-Market,North America,72458,5,68835.1,62,Lost,Competitor
DEAL00447,REP013,2025-08-28,Mid-Market,North America,77669,0,77669.0,66,Won,
DEAL00448,REP013,2025-04-19,Mid-Market,North America,76993,5,73143.35,59,Lost,Timing
DEAL00449,REP013,2024-08-27,Mid-Market,North America,33539,15,28508.15,71,Won,
DEAL00450,REP013,2024-08-04,Mid-Market,North America,55624,25,41718.0,56,Lost,Price
DEAL00451,REP013,2025-08-21,Mid-Market,North America,88797,5,84357.15,80,Lost,Price
DEAL00452,REP013,2024-02-05,Mid-Market,North America,71326,0,71326.0,38,Lost,Price
DEAL00453,REP013,2025-10-12,Mid-Market,North America,67719,0,67719.0,68,Lost,Price
DEAL00454,REP013,2025-05-06,Mid-Market,North America,37121,25,27840.75,64,Lost,Competitor
DEAL00455,REP013,2025-03-15,Mid-Market,North America,97240,15,82654.0,45,Lost,Competitor
DEAL00456,REP013,2024-02-18,Mid-Market,North America,93149,5,88491.55,61,Won,
DEAL00457,REP013,2024-12-24,Mid-Market,North America,28515,10,25663.5,49,Won,
DEAL00458,REP013,2025-10-14,Mid-Market,North America,74979,10,67481.1,76,Won,
DEAL00459,REP013,2025-09-11,Mid-Market,North America,33302,20,26641.6,27,Lost,Competitor
DEAL00460,REP013,2025-08-28,Mid-Market,North America,31457,15,26738.45,41,Lost,No Decision
DEAL00461,REP013,2025-09-01,Mid-Market,North America,32664,5,31030.8,59,Lost,Price
DEAL00462,REP013,2024-02-24,Mid-Market,North America,99944,15,84952.4,55,Won,
DEAL00463,REP013,2025-05-22,Mid-Market,North America,69440,15,59024.0,87,Won,
DEAL00464,REP013,2025-04-22,Mid-Market,North America,31565,15,26830.25,81,Lost,Price
DEAL00465,REP013,2024-03-18,Mid-Market,North America,45128,10,40615.2,51,Won,
DEAL00466,REP013,2025-08-31,Mid-Market,North America,44547,0,44547.0,80,Lost,Price
DEAL00467,REP013,2024-04-08,Mid-Market,North America,27606,15,23465.1,84,Won,
DEAL00468,REP013,2025-06-05,Mid-Market,North America,57400,20,45920.0,61,Won,
DEAL00469,REP013,2024-01-15,Mid-Market,North America,71612,10,64450.8,61,Won,
DEAL00470,REP013,2025-05-06,Mid-Market,North America,83951,10,75555.9,77,Won,
DEAL00471,REP013,2024-05-31,Mid-Market,North America,42175,5,40066.25,61,Lost,Competitor
DEAL00472,REP013,2024-12-16,Mid-Market,North America,93513,0,93513.0,66,Lost,No Decision
DEAL00473,REP013,2025-11-11,Mid-Market,North America,80598,25,60448.5,45,Lost,Timing
DEAL00474,REP013,2025-06-23,Mid-Market,North America,56276,5,53462.2,42,Won,
DEAL00475,REP013,2025-01-24,Mid-Market,North America,51714,5,49128.3,99,Won,
DEAL00476,REP013,2025-05-14,Mid-Market,North America,72836,5,69194.2,40,Lost,Timing
DEAL00477,REP013,2024-05-02,Mid-Market,North America,67723,20,54178.4,52,Won,
DEAL00478,REP013,2025-03-18,Mid-Market,North America,28447,5,27024.65,99,Lost,No Decision
DEAL00479,REP013,2025-09-25,Mid-Market,North America,92471,10,83223.9,46,Lost,Missing Feature
DEAL00480,REP013,2024-05-25,Mid-Market,North America,90365,20,72292.0,87,Lost,Competitor
DEAL00481,REP013,2025-08-08,Mid-Market,North America,69297,5,65832.15,57,Lost,Competitor
DEAL00482,REP013,2024-05-21,Mid-Market,North America,42316,0,42316.0,59,Won,
DEAL00483,REP014,2025-06-14,SMB,EMEA,16103,0,16103.0,33,Lost,No Decision
DEAL00484,REP014,2024-11-05,SMB,EMEA,11962,0,11962.0,33,Lost,Competitor
DEAL00485,REP014,2025-05-14,SMB,EMEA,7479,0,7479.0,25,Lost,Timing
DEAL00486,REP014,2024-07-04,SMB,EMEA,23288,5,22123.6,16,Lost,Timing
DEAL00487,REP014,2024-02-20,SMB,EMEA,16561,10,14904.9,25,Won,
DEAL00488,REP014,2025-05-20,SMB,EMEA,20182,0,20182.0,26,Lost,No Decision
DEAL00489,REP014,2025-03-21,SMB,EMEA,6082,5,5777.9,39,Won,
DEAL00490,REP014,2025-07-20,SMB,EMEA,17008,0,17008.0,24,Lost,Price
DEAL00491,REP014,2025-06-21,SMB,EMEA,12960,5,12312.0,39,Won,
DEAL00492,REP014,2024-01-09,SMB,EMEA,10700,10,9630.0,36,Lost,Timing
DEAL00493,REP014,2025-10-07,SMB,EMEA,16047,20,12837.6,31,Lost,Price
DEAL00494,REP014,2024-01-12,SMB,EMEA,10309,0,10309.0,28,Lost,Missing Feature
DEAL00495,REP014,2025-10-16,SMB,EMEA,18671,0,18671.0,24,Lost,Competitor
DEAL00496,REP014,2025-03-16,SMB,EMEA,8217,15,6984.45,39,Lost,Timing
DEAL00497,REP014,2025-09-16,SMB,EMEA,22903,20,18322.4,34,Lost,Missing Feature
DEAL00498,REP014,2024-12-04,SMB,EMEA,6781,5,6441.95,29,Won,
DEAL00499,REP014,2024-08-06,SMB,EMEA,20958,0,20958.0,43,Lost,Price
DEAL00500,REP014,2024-05-27,SMB,EMEA,15929,0,15929.0,22,Won,
DEAL00501,REP014,2025-03-04,SMB,EMEA,17069,5,16215.55,9,Lost,No Decision
DEAL00502,REP014,2025-03-25,SMB,EMEA,23975,0,23975.0,38,Lost,No Decision
DEAL00503,REP014,2025-07-08,SMB,EMEA,7861,5,7467.95,31,Lost,Missing Feature
DEAL00504,REP014,2025-06-03,SMB,EMEA,15310,5,14544.5,28,Lost,No Decision
DEAL00505,REP014,2025-07-03,SMB,EMEA,14680,10,13212.0,29,Won,
DEAL00506,REP014,2025-11-28,SMB,EMEA,14634,20,11707.2,39,Won,
DEAL00507,REP014,2025-12-26,SMB,EMEA,7490,0,7490.0,29,Lost,Poor Fit
DEAL00508,REP014,2025-12-05,SMB,EMEA,13689,0,13689.0,21,Lost,Competitor
DEAL00509,REP014,2024-12-16,SMB,EMEA,23300,15,19805.0,30,Lost,Timing
DEAL00510,REP014,2025-09-04,SMB,EMEA,22754,5,21616.3,39,Lost,Timing
DEAL00511,REP014,2025-06-13,SMB,EMEA,19707,10,17736.3,17,Won,
DEAL00512,REP014,2024-09-27,SMB,EMEA,20059,10,18053.1,21,Lost,Competitor
DEAL00513,REP014,2025-04-07,SMB,EMEA,23862,25,17896.5,17,Won,
DEAL00514,REP014,2025-10-28,SMB,EMEA,22077,0,22077.0,17,Lost,Timing
DEAL00515,REP014,2025-05-27,SMB,EMEA,7268,5,6904.6,32,Lost,Missing Feature
DEAL00516,REP014,2025-11-30,SMB,EMEA,17979,5,17080.05,40,Lost,No Decision
DEAL00517,REP015,2025-09-15,SMB,EMEA,7765,20,6212.0,24,Lost,Price
DEAL00518,REP015,2024-03-21,SMB,EMEA,19362,0,19362.0,32,Won,
DEAL00519,REP015,2024-04-01,SMB,EMEA,7822,5,7430.9,24,Lost,Poor Fit
DEAL00520,REP015,2024-12-07,SMB,EMEA,6082,5,5777.9,22,Lost,Price
DEAL00521,REP015,2025-09-16,SMB,EMEA,13967,15,11871.95,27,Lost,Competitor
DEAL00522,REP015,2025-02-15,SMB,EMEA,5244,0,5244.0,25,Won,
DEAL00523,REP015,2024-01-17,SMB,EMEA,18698,5,17763.1,45,Lost,Price
DEAL00524,REP015,2025-05-02,SMB,EMEA,5944,10,5349.6,41,Lost,Competitor
DEAL00525,REP015,2025-02-13,SMB,EMEA,13369,10,12032.1,33,Won,
DEAL00526,REP015,2024-03-22,SMB,EMEA,18262,5,17348.9,28,Lost,Price
DEAL00527,REP015,2024-01-10,SMB,EMEA,8145,0,8145.0,23,Lost,Competitor
DEAL00528,REP015,2025-10-10,SMB,EMEA,24014,10,21612.6,10,Won,
DEAL00529,REP015,2025-01-04,SMB,EMEA,10930,0,10930.0,29,Lost,Price
DEAL00530,REP015,2025-12-02,SMB,EMEA,7060,15,6001.0,43,Lost,Price
DEAL00531,REP015,2024-04-13,SMB,EMEA,7780,0,7780.0,28,Lost,Missing Feature
DEAL00532,REP015,2024-08-31,SMB,EMEA,9297,10,8367.3,39,Lost,Price
DEAL00533,REP015,2025-06-14,SMB,EMEA,21820,10,19638.0,28,Lost,Timing
DEAL00534,REP015,2025-11-19,SMB,EMEA,17204,10,15483.6,25,Lost,Poor Fit
DEAL00535,REP015,2024-06-02,SMB,EMEA,16640,15,14144.0,29,Won,
DEAL00536,REP015,2024-07-22,SMB,EMEA,13990,10,12591.0,30,Lost,Competitor
DEAL00537,REP015,2024-09-28,SMB,EMEA,24644,5,23411.8,27,Won,
DEAL00538,REP015,2024-01-09,SMB,EMEA,12810,0,12810.0,7,Lost,Timing
DEAL00539,REP015,2024-03-24,SMB,EMEA,22480,5,21356.0,7,Lost,Missing Feature
DEAL00540,REP015,2024-07-21,SMB,EMEA,5679,10,5111.1,33,Lost,Price
DEAL00541,REP015,2024-11-11,SMB,EMEA,10734,0,10734.0,39,Lost,Price
DEAL00542,REP015,2025-11-09,SMB,EMEA,7542,0,7542.0,25,Lost,Price
DEAL00543,REP015,2025-02-25,SMB,EMEA,18647,0,18647.0,20,Lost,Timing
DEAL00544,REP015,2025-03-14,SMB,EMEA,10028,10,9025.2,17,Lost,Missing Feature
DEAL00545,REP015,2024-07-10,SMB,EMEA,12111,5,11505.45,33,Lost,No Decision
DEAL00546,REP016,2024-04-26,SMB,EMEA,14765,0,14765.0,23,Lost,Price
DEAL00547,REP016,2025-05-12,SMB,EMEA,24236,10,21812.4,38,Lost,Budget Cut
DEAL00548,REP016,2024-12-25,SMB,EMEA,21819,0,21819.0,31,Lost,Missing Feature
DEAL00549,REP016,2025-08-14,SMB,EMEA,23645,10,21280.5,8,Lost,Missing Feature
DEAL00550,REP016,2024-09-17,SMB,EMEA,24175,10,21757.5,30,Won,
DEAL00551,REP016,2024-02-05,SMB,EMEA,20472,0,20472.0,28,Lost,Poor Fit
DEAL00552,REP016,2025-12-14,SMB,EMEA,9112,25,6834.0,33,Won,
DEAL00553,REP016,2025-02-05,SMB,EMEA,21882,10,19693.8,24,Lost,No Decision
DEAL00554,REP016,2025-06-05,SMB,EMEA,8206,15,6975.1,28,Lost,Price
DEAL00555,REP016,2025-10-05,SMB,EMEA,22890,5,21745.5,45,Won,
DEAL00556,REP016,2025-04-16,SMB,EMEA,6171,10,5553.9,11,Lost,Timing
DEAL00557,REP016,2024-05-20,SMB,EMEA,11209,10,10088.1,26,Won,
DEAL00558,REP016,2024-12-26,SMB,EMEA,12200,0,12200.0,39,Won,
DEAL00559,REP016,2024-03-11,SMB,EMEA,6810,15,5788.5,53,Won,
DEAL00560,REP016,2024-01-05,SMB,EMEA,10605,10,9544.5,33,Won,
DEAL00561,REP016,2025-03-14,SMB,EMEA,17644,20,14115.2,19,Won,
DEAL00562,REP016,2024-08-23,SMB,EMEA,12282,5,11667.9,35,Won,
DEAL00563,REP016,2024-05-21,SMB,EMEA,6073,0,6073.0,7,Lost,Budget Cut
DEAL00564,REP016,2024-04-06,SMB,EMEA,14321,20,11456.8,24,Lost,Missing Feature
DEAL00565,REP016,2025-06-03,SMB,EMEA,16458,5,15635.1,39,Lost,Competitor
DEAL00566,REP016,2024-11-04,SMB,EMEA,15796,5,15006.2,32,Lost,Competitor
DEAL00567,REP016,2025-10-03,SMB,EMEA,9784,0,9784.0,23,Lost,Price
DEAL00568,REP016,2025-04-11,SMB,EMEA,13522,10,12169.8,36,Lost,Competitor
DEAL00569,REP016,2024-08-15,SMB,EMEA,24361,20,19488.8,34,Lost,Competitor
DEAL00570,REP016,2025-04-24,SMB,EMEA,23909,20,19127.2,32,Won,
DEAL00571,REP016,2025-11-25,SMB,EMEA,18989,0,18989.0,17,Lost,Price
DEAL00572,REP016,2024-11-03,SMB,EMEA,9087,10,8178.3,14,Won,
DEAL00573,REP016,2024-11-21,SMB,EMEA,10539,10,9485.1,22,Lost,No Decision
DEAL00574,REP016,2024-09-16,SMB,EMEA,5183,10,4664.7,15,Won,
DEAL00575,REP016,2025-09-18,SMB,EMEA,16332,5,15515.4,39,Lost,Timing
DEAL00576,REP016,2025-01-05,SMB,EMEA,18294,10,16464.6,29,Lost,Competitor
DEAL00577,REP016,2024-11-08,SMB,EMEA,17498,0,17498.0,14,Won,
DEAL00578,REP016,2025-06-05,SMB,EMEA,13526,10,12173.4,37,Lost,Missing Feature
DEAL00579,REP016,2025-09-10,SMB,EMEA,23584,5,22404.8,34,Lost,Poor Fit
DEAL00580,REP016,2024-02-19,SMB,EMEA,17438,10,15694.2,31,Won,
DEAL00581,REP016,2024-09-08,SMB,EMEA,10232,0,10232.0,28,Lost,Price
DEAL00582,REP016,2024-05-26,SMB,EMEA,12814,0,12814.0,40,Lost,Price
DEAL00583,REP016,2024-11-28,SMB,EMEA,24467,15,20796.95,32,Lost,Poor Fit
DEAL00584,REP016,2024-06-18,SMB,EMEA,21058,10,18952.2,28,Lost,Missing Feature
DEAL00585,REP016,2024-02-10,SMB,EMEA,24105,0,24105.0,43,Won,
DEAL00586,REP016,2025-06-13,SMB,EMEA,12008,20,9606.4,29,Lost,No Decision
DEAL00587,REP016,2025-01-16,SMB,EMEA,14711,15,12504.35,34,Lost,Missing Feature
DEAL00588,REP016,2024-12-13,SMB,EMEA,11608,0,11608.0,22,Lost,Timing
DEAL00589,REP016,2024-02-22,SMB,EMEA,10272,0,10272.0,58,Won,
DEAL00590,REP016,2024-08-05,SMB,EMEA,17225,15,14641.25,38,Won,
DEAL00591,REP016,2025-02-23,SMB,EMEA,9385,5,8915.75,28,Lost,Timing
DEAL00592,REP016,2024-02-05,SMB,EMEA,17268,0,17268.0,19,Lost,Timing
DEAL00593,REP016,2025-12-16,SMB,EMEA,23280,5,22116.0,26,Won,
DEAL00594,REP017,2024-03-08,Mid-Market,APAC,87014,20,69611.2,23,Won,
DEAL00595,REP017,2024-07-25,Mid-Market,APAC,70538,20,56430.4,10,Lost,Poor Fit
DEAL00596,REP017,2024-05-19,Mid-Market,APAC,79210,20,63368.0,89,Lost,Missing Feature
DEAL00597,REP017,2025-04-29,Mid-Market,APAC,62996,10,56696.4,57,Won,
DEAL00598,REP017,2025-01-16,Mid-Market,APAC,25020,20,20016.0,67,Lost,Poor Fit
DEAL00599,REP017,2025-01-24,Mid-Market,APAC,93173,5,88514.35,57,Lost,Missing Feature
DEAL00600,REP017,2025-04-23,Mid-Market,APAC,40065,15,34055.25,70,Lost,Competitor
DEAL00601,REP017,2025-09-16,Mid-Market,APAC,62851,0,62851.0,63,Won,
DEAL00602,REP017,2024-01-22,Mid-Market,APAC,55194,0,55194.0,46,Lost,Timing
DEAL00603,REP017,2024-02-16,Mid-Market,APAC,41555,0,41555.0,66,Lost,Timing
DEAL00604,REP017,2025-12-08,Mid-Market,APAC,36564,5,34735.8,57,Lost,Competitor
DEAL00605,REP017,2024-07-20,Mid-Market,APAC,36202,15,30771.7,44,Lost,No Decision
DEAL00606,REP017,2025-05-08,Mid-Market,APAC,93617,10,84255.3,59,Lost,No Decision
DEAL00607,REP017,2025-10-17,Mid-Market,APAC,75805,15,64434.25,68,Lost,Price
DEAL00608,REP017,2024-01-08,Mid-Market,APAC,31389,5,29819.55,64,Lost,Price
DEAL00609,REP017,2024-02-24,Mid-Market,APAC,74237,10,66813.3,52,Lost,Poor Fit
DEAL00610,REP017,2024-07-16,Mid-Market,APAC,79235,15,67349.75,51,Lost,Timing
DEAL00611,REP017,2024-12-05,Mid-Market,APAC,62550,0,62550.0,59,Lost,Timing
DEAL00612,REP017,2025-06-11,Mid-Market,APAC,95043,0,95043.0,56,Lost,Price
DEAL00613,REP017,2024-12-30,Mid-Market,APAC,91198,5,86638.1,93,Won,
DEAL00614,REP017,2024-09-15,Mid-Market,APAC,40582,5,38552.9,46,Won,
DEAL00615,REP017,2024-12-08,Mid-Market,APAC,95233,25,71424.75,90,Lost,Competitor
DEAL00616,REP017,2025-10-24,Mid-Market,APAC,31940,10,28746.0,48,Lost,Timing
DEAL00617,REP017,2024-10-27,Mid-Market,APAC,79812,20,63849.6,116,Won,
DEAL00618,REP017,2025-10-01,Mid-Market,APAC,26617,0,26617.0,79,Won,
DEAL00619,REP017,2025-10-10,Mid-Market,APAC,88620,15,75327.0,36,Won,
DEAL00620,REP017,2025-09-20,Mid-Market,APAC,56786,20,45428.8,54,Lost,Competitor
DEAL00621,REP018,2025-12-21,Enterprise,North America,382868,0,382868.0,149,Lost,Competitor
DEAL00622,REP018,2025-06-03,Enterprise,North America,143634,5,136452.3,110,Lost,Poor Fit
DEAL00623,REP018,2024-02-05,Enterprise,North America,315886,0,315886.0,95,Lost,Poor Fit
DEAL00624,REP018,2025-03-30,Enterprise,North America,225611,0,225611.0,103,Won,
DEAL00625,REP018,2024-10-17,Enterprise,North America,258070,0,258070.0,91,Lost,Timing
DEAL00626,REP018,2024-10-20,Enterprise,North America,197375,0,197375.0,151,Lost,Price
DEAL00627,REP018,2024-02-19,Enterprise,North America,161331,10,145197.9,58,Lost,Timing
DEAL00628,REP018,2024-11-15,Enterprise,North America,130412,5,123891.4,149,Lost,Timing
DEAL00629,REP018,2024-03-05,Enterprise,North America,132309,0,132309.0,71,Lost,Price
DEAL00630,REP018,2025-10-09,Enterprise,North America,355536,15,302205.6,152,Lost,No Decision
DEAL00631,REP018,2024-01-16,Enterprise,North America,474494,10,427044.6,126,Won,
DEAL00632,REP018,2024-02-22,Enterprise,North America,221139,20,176911.2,113,Lost,Timing
DEAL00633,REP018,2025-12-04,Enterprise,North America,304830,5,289588.5,114,Won,
DEAL00634,REP018,2025-06-12,Enterprise,North America,168354,15,143100.9,132,Lost,Price
DEAL00635,REP018,2024-04-21,Enterprise,North America,212637,5,202005.15,128,Lost,Timing
DEAL00636,REP018,2024-01-18,Enterprise,North America,144858,5,137615.1,76,Lost,Competitor
DEAL00637,REP018,2024-11-27,Enterprise,North America,473095,25,354821.25,136,Lost,Missing Feature
DEAL00638,REP018,2024-01-09,Enterprise,North America,105149,20,84119.2,114,Won,
DEAL00639,REP018,2025-03-01,Enterprise,North America,360800,15,306680.0,144,Won,
DEAL00640,REP018,2025-12-27,Enterprise,North America,477275,20,381820.0,64,Won,
DEAL00641,REP018,2025-03-31,Enterprise,North America,313614,5,297933.3,174,Lost,Timing
DEAL00642,REP018,2025-09-02,Enterprise,North America,426478,30,298534.6,104,Lost,Competitor
DEAL00643,REP018,2024-01-26,Enterprise,North America,190352,5,180834.4,95,Won,
DEAL00644,REP018,2025-04-12,Enterprise,North America,290091,5,275586.45,124,Lost,Timing
DEAL00645,REP018,2024-03-22,Enterprise,North America,175379,10,157841.1,174,Won,
DEAL00646,REP018,2024-02-27,Enterprise,North America,231666,0,231666.0,103,Lost,No Decision
DEAL00647,REP018,2025-11-01,Enterprise,North America,218243,30,152770.1,64,Lost,Competitor
DEAL00648,REP018,2024-05-29,Enterprise,North America,283293,10,254963.7,153,Lost,Price
DEAL00649,REP018,2024-05-27,Enterprise,North America,293366,15,249361.1,117,Lost,Missing Feature
DEAL00650,REP018,2024-05-22,Enterprise,North America,118330,10,106497.0,135,Lost,Price
DEAL00651,REP018,2024-10-23,Enterprise,North America,108070,0,108070.0,93,Lost,Price
DEAL00652,REP018,2024-04-18,Enterprise,North America,198704,5,188768.8,114,Lost,Missing Feature
DEAL00653,REP018,2024-12-06,Enterprise,North America,295961,5,281162.95,91,Won,
DEAL00654,REP018,2025-09-22,Enterprise,North America,472997,10,425697.3,150,Lost,No Decision
DEAL00655,REP019,2024-08-24,SMB,North America,22110,25,16582.5,12,Lost,Timing
DEAL00656,REP019,2024-02-06,SMB,North America,24859,0,24859.0,61,Won,
DEAL00657,REP019,2024-07-27,SMB,North America,6602,0,6602.0,28,Lost,Timing
DEAL00658,REP019,2025-03-09,SMB,North America,18788,10,16909.2,38,Won,
DEAL00659,REP019,2024-08-31,SMB,North America,8684,20,6947.2,14,Lost,Price
DEAL00660,REP019,2024-06-15,SMB,North America,9830,10,8847.0,23,Won,
DEAL00661,REP019,2024-06-04,SMB,North America,22032,0,22032.0,33,Lost,Price
DEAL00662,REP019,2024-04-25,SMB,North America,20562,30,14393.4,22,Won,
DEAL00663,REP019,2024-11-11,SMB,North America,9942,5,9444.9,43,Lost,Price
DEAL00664,REP019,2025-04-09,SMB,North America,11651,10,10485.9,36,Lost,Competitor
DEAL00665,REP019,2024-02-25,SMB,North America,11474,5,10900.3,14,Won,
DEAL00666,REP019,2024-12-05,SMB,North America,14388,0,14388.0,20,Lost,Missing Feature
DEAL00667,REP019,2025-06-16,SMB,North America,8249,5,7836.55,24,Lost,No Decision
DEAL00668,REP019,2024-11-15,SMB,North America,13469,5,12795.55,30,Lost,Budget Cut
DEAL00669,REP019,2024-02-05,SMB,North America,17942,10,16147.8,38,Lost,Competitor
DEAL00670,REP019,2024-01-02,SMB,North America,23102,5,21946.9,7,Lost,Competitor
DEAL00671,REP019,2025-08-05,SMB,North America,7882,10,7093.8,36,Won,
DEAL00672,REP019,2025-06-11,SMB,North America,17076,0,17076.0,34,Won,
DEAL00673,REP019,2025-03-21,SMB,North America,6401,10,5760.9,31,Won,
DEAL00674,REP019,2025-06-15,SMB,North America,24115,15,20497.75,40,Won,
DEAL00675,REP019,2025-05-04,SMB,North America,11834,15,10058.9,44,Lost,No Decision
DEAL00676,REP019,2024-07-04,SMB,North America,11470,5,10896.5,36,Lost,No Decision
DEAL00677,REP019,2024-05-12,SMB,North America,17495,10,15745.5,37,Lost,No Decision
DEAL00678,REP019,2025-01-27,SMB,North America,21950,15,18657.5,35,Lost,Missing Feature
DEAL00679,REP019,2024-05-28,SMB,North America,7670,15,6519.5,28,Lost,Competitor
DEAL00680,REP019,2025-05-06,SMB,North America,17329,20,13863.2,39,Won,
DEAL00681,REP019,2024-02-27,SMB,North America,14901,20,11920.8,26,Lost,Timing
DEAL00682,REP019,2025-02-16,SMB,North America,9857,15,8378.45,29,Lost,Poor Fit
DEAL00683,REP019,2025-06-25,SMB,North America,9251,5,8788.45,41,Won,
DEAL00684,REP019,2025-10-15,SMB,North America,8123,15,6904.55,22,Won,
DEAL00685,REP019,2025-02-27,SMB,North America,14879,20,11903.2,18,Lost,Missing Feature
DEAL00686,REP019,2024-08-28,SMB,North America,19225,20,15380.0,21,Lost,Competitor
DEAL00687,REP019,2025-12-13,SMB,North America,12015,5,11414.25,41,Lost,Timing
DEAL00688,REP019,2024-09-15,SMB,North America,9693,15,8239.05,25,Won,
DEAL00689,REP019,2025-02-19,SMB,North America,23395,20,18716.0,18,Lost,Timing
DEAL00690,REP019,2025-02-18,SMB,North America,9213,0,9213.0,24,Lost,Timing
DEAL00691,REP019,2025-03-17,SMB,North America,19430,5,18458.5,10,Won,
DEAL00692,REP019,2025-04-08,SMB,North America,21519,5,20443.05,28,Lost,Missing Feature
DEAL00693,REP019,2025-05-19,SMB,North America,20819,15,17696.15,31,Lost,No Decision
DEAL00694,REP020,2025-09-14,SMB,EMEA,7121,10,6408.9,29,Lost,No Decision
DEAL00695,REP020,2025-01-13,SMB,EMEA,5113,25,3834.75,30,Won,
DEAL00696,REP020,2025-05-15,SMB,EMEA,7652,30,5356.4,8,Lost,Budget Cut
DEAL00697,REP020,2024-08-20,SMB,EMEA,19708,5,18722.6,35,Lost,Missing Feature
DEAL00698,REP020,2024-02-21,SMB,EMEA,11563,0,11563.0,35,Lost,Price
DEAL00699,REP020,2024-07-03,SMB,EMEA,9352,10,8416.8,23,Lost,Price
DEAL00700,REP020,2025-08-23,SMB,EMEA,23471,20,18776.8,20,Won,
DEAL00701,REP020,2024-12-15,SMB,EMEA,23440,0,23440.0,29,Won,
DEAL00702,REP020,2025-01-27,SMB,EMEA,18336,0,18336.0,35,Lost,Poor Fit
DEAL00703,REP020,2024-11-27,SMB,EMEA,22167,25,16625.25,29,Lost,Missing Feature
DEAL00704,REP020,2025-11-05,SMB,EMEA,23260,5,22097.0,29,Lost,Price
DEAL00705,REP020,2025-09-01,SMB,EMEA,10518,0,10518.0,29,Lost,No Decision
DEAL00706,REP020,2025-10-18,SMB,EMEA,10858,5,10315.1,28,Lost,No Decision
DEAL00707,REP020,2025-03-25,SMB,EMEA,13758,20,11006.4,23,Lost,Competitor
DEAL00708,REP020,2024-06-28,SMB,EMEA,19281,0,19281.0,26,Lost,Competitor
DEAL00709,REP020,2025-04-19,SMB,EMEA,6310,0,6310.0,32,Won,
DEAL00710,REP020,2025-12-25,SMB,EMEA,15420,10,13878.0,24,Lost,Competitor
DEAL00711,REP020,2024-04-25,SMB,EMEA,19801,5,18810.95,20,Lost,Timing
DEAL00712,REP020,2024-09-13,SMB,EMEA,12077,0,12077.0,19,Won,
DEAL00713,REP020,2024-02-19,SMB,EMEA,15254,0,15254.0,33,Won,
DEAL00714,REP020,2025-03-30,SMB,EMEA,15627,5,14845.65,35,Lost,Missing Feature
DEAL00715,REP020,2024-05-13,SMB,EMEA,13366,5,12697.7,33,Lost,No Decision
DEAL00716,REP020,2024-05-24,SMB,EMEA,16170,25,12127.5,38,Lost,Missing Feature
DEAL00717,REP020,2024-11-20,SMB,EMEA,7410,0,7410.0,27,Lost,Budget Cut
DEAL00718,REP020,2025-02-13,SMB,EMEA,8956,5,8508.2,32,Lost,Price
DEAL00719,REP020,2025-08-26,SMB,EMEA,24731,10,22257.9,38,Lost,Price
DEAL00720,REP020,2024-11-24,SMB,EMEA,24741,30,17318.7,37,Lost,Price
DEAL00721,REP020,2024-07-13,SMB,EMEA,13262,30,9283.4,31,Lost,Timing
DEAL00722,REP020,2024-12-15,SMB,EMEA,15384,10,13845.6,25,Won,
DEAL00723,REP020,2024-09-16,SMB,EMEA,18404,10,16563.6,34,Lost,No Decision
DEAL00724,REP020,2025-01-13,SMB,EMEA,13261,5,12597.95,22,Lost,Timing
DEAL00725,REP020,2024-09-20,SMB,EMEA,9787,10,8808.3,40,Lost,Price
DEAL00726,REP020,2024-04-21,SMB,EMEA,6852,20,5481.6,23,Lost,No Decision
DEAL00727,REP021,2024-08-25,Mid-Market,APAC,74606,15,63415.1,58,Won,
DEAL00728,REP021,2025-02-05,Mid-Market,APAC,27665,0,27665.0,49,Lost,No Decision
DEAL00729,REP021,2024-07-15,Mid-Market,APAC,45998,10,41398.2,76,Lost,Price
DEAL00730,REP021,2025-07-28,Mid-Market,APAC,89175,20,71340.0,64,Won,
DEAL00731,REP021,2024-05-13,Mid-Market,APAC,76042,0,76042.0,66,Won,
DEAL00732,REP021,2024-03-10,Mid-Market,APAC,60085,10,54076.5,87,Won,
DEAL00733,REP021,2024-06-09,Mid-Market,APAC,93748,30,65623.6,85,Lost,Price
DEAL00734,REP021,2025-07-23,Mid-Market,APAC,35306,25,26479.5,85,Lost,Timing
DEAL00735,REP021,2025-02-02,Mid-Market,APAC,28936,15,24595.6,41,Won,
DEAL00736,REP021,2024-10-15,Mid-Market,APAC,90696,10,81626.4,58,Lost,Competitor
DEAL00737,REP021,2025-08-22,Mid-Market,APAC,38786,5,36846.7,59,Won,
DEAL00738,REP021,2025-10-14,Mid-Market,APAC,52835,20,42268.0,40,Won,
DEAL00739,REP021,2024-09-19,Mid-Market,APAC,92035,10,82831.5,45,Won,
DEAL00740,REP021,2024-10-01,Mid-Market,APAC,87898,5,83503.1,91,Lost,No Decision
DEAL00741,REP021,2024-07-22,Mid-Market,APAC,73285,0,73285.0,64,Lost,Timing
DEAL00742,REP021,2024-08-16,Mid-Market,APAC,36226,15,30792.1,76,Lost,Price
DEAL00743,REP021,2024-03-27,Mid-Market,APAC,29965,5,28466.75,53,Won,
DEAL00744,REP021,2024-09-30,Mid-Market,APAC,92894,0,92894.0,89,Lost,No Decision
DEAL00745,REP021,2024-09-25,Mid-Market,APAC,25518,5,24242.1,69,Won,
DEAL00746,REP021,2024-10-14,Mid-Market,APAC,49395,0,49395.0,49,Won,
DEAL00747,REP021,2024-04-12,Mid-Market,APAC,33083,0,33083.0,54,Won,
DEAL00748,REP021,2025-04-10,Mid-Market,APAC,31613,0,31613.0,47,Lost,Price
DEAL00749,REP021,2025-05-29,Mid-Market,APAC,47068,20,37654.4,60,Lost,Poor Fit
DEAL00750,REP021,2024-11-20,Mid-Market,APAC,60162,0,60162.0,71,Lost,Competitor
DEAL00751,REP021,2025-08-22,Mid-Market,APAC,75388,0,75388.0,42,Lost,Competitor
DEAL00752,REP021,2025-03-22,Mid-Market,APAC,84998,15,72248.3,97,Won,
DEAL00753,REP021,2024-07-16,Mid-Market,APAC,62739,10,56465.1,77,Won,
DEAL00754,REP021,2024-09-02,Mid-Market,APAC,82114,10,73902.6,70,Won,
DEAL00755,REP021,2024-01-07,Mid-Market,APAC,90282,5,85767.9,69,Won,
DEAL00756,REP021,2024-12-25,Mid-Market,APAC,58542,5,55614.9,74,Lost,Budget Cut
DEAL00757,REP021,2025-12-05,Mid-Market,APAC,65565,20,52452.0,57,Lost,No Decision
DEAL00758,REP021,2025-08-29,Mid-Market,APAC,73708,5,70022.6,73,Lost,Budget Cut
DEAL00759,REP021,2024-02-17,Mid-Market,APAC,34369,15,29213.65,48,Won,
DEAL00760,REP021,2024-05-09,Mid-Market,APAC,93089,5,88434.55,63,Won,
DEAL00761,REP021,2024-12-14,Mid-Market,APAC,83228,0,83228.0,97,Won,
DEAL00762,REP021,2024-12-07,Mid-Market,APAC,90994,5,86444.3,62,Won,
DEAL00763,REP021,2025-06-10,Mid-Market,APAC,67967,15,57771.95,58,Won,
DEAL00764,REP021,2024-04-05,Mid-Market,APAC,27589,0,27589.0,57,Won,
DEAL00765,REP021,2024-02-08,Mid-Market,APAC,32711,5,31075.45,51,Lost,No Decision
DEAL00766,REP021,2024-09-05,Mid-Market,APAC,66730,0,66730.0,64,Won,
DEAL00767,REP021,2025-12-02,Mid-Market,APAC,98511,5,93585.45,84,Lost,Timing
DEAL00768,REP021,2025-02-14,Mid-Market,APAC,66753,15,56740.05,60,Lost,Budget Cut
DEAL00769,REP021,2025-08-07,Mid-Market,APAC,89482,5,85007.9,60,Won,
DEAL00770,REP021,2025-09-18,Mid-Market,APAC,29983,5,28483.85,59,Won,
DEAL00771,REP021,2024-09-24,Mid-Market,APAC,29758,0,29758.0,94,Lost,Poor Fit
DEAL00772,REP021,2024-09-29,Mid-Market,APAC,66862,0,66862.0,48,Won,
DEAL00773,REP021,2024-04-01,Mid-Market,APAC,43940,0,43940.0,77,Lost,No Decision
DEAL00774,REP021,2024-08-21,Mid-Market,APAC,27821,0,27821.0,99,Lost,Poor Fit
DEAL00775,REP021,2024-08-10,Mid-Market,APAC,94081,10,84672.9,56,Won,
DEAL00776,REP021,2024-10-18,Mid-Market,APAC,52041,25,39030.75,42,Lost,Competitor
DEAL00777,REP021,2024-04-09,Mid-Market,APAC,86102,15,73186.7,59,Won,
DEAL00778,REP021,2024-05-02,Mid-Market,APAC,69941,15,59449.85,45,Lost,Competitor
DEAL00779,REP022,2024-12-28,SMB,EMEA,15338,0,15338.0,50,Lost,Poor Fit
DEAL00780,REP022,2025-07-31,SMB,EMEA,21905,0,21905.0,23,Won,
DEAL00781,REP022,2024-05-02,SMB,EMEA,6002,10,5401.8,34,Lost,Poor Fit
DEAL00782,REP022,2025-02-08,SMB,EMEA,22044,0,22044.0,30,Lost,Poor Fit
DEAL00783,REP022,2025-08-06,SMB,EMEA,15416,5,14645.2,26,Won,
DEAL00784,REP022,2024-04-20,SMB,EMEA,23182,0,23182.0,15,Lost,No Decision
DEAL00785,REP022,2024-07-12,SMB,EMEA,19030,5,18078.5,20,Won,
DEAL00786,REP022,2024-05-10,SMB,EMEA,9896,10,8906.4,26,Lost,Timing
DEAL00787,REP022,2025-12-20,SMB,EMEA,17559,0,17559.0,14,Won,
DEAL00788,REP022,2025-07-21,SMB,EMEA,10990,15,9341.5,26,Lost,Poor Fit
DEAL00789,REP022,2025-08-11,SMB,EMEA,5058,10,4552.2,42,Lost,Competitor
DEAL00790,REP022,2025-12-26,SMB,EMEA,14725,0,14725.0,30,Lost,Competitor
DEAL00791,REP022,2024-05-08,SMB,EMEA,16026,10,14423.4,7,Lost,Poor Fit
DEAL00792,REP022,2025-10-07,SMB,EMEA,24961,5,23712.95,33,Lost,No Decision
DEAL00793,REP022,2024-06-13,SMB,EMEA,19333,15,16433.05,19,Lost,Competitor
DEAL00794,REP022,2024-09-03,SMB,EMEA,6104,20,4883.2,40,Lost,Missing Feature
DEAL00795,REP022,2025-06-26,SMB,EMEA,19960,5,18962.0,40,Lost,Poor Fit
DEAL00796,REP023,2025-03-16,Enterprise,EMEA,151712,0,151712.0,122,Won,
DEAL00797,REP023,2024-12-03,Enterprise,EMEA,274021,5,260319.95,79,Won,
DEAL00798,REP023,2025-05-11,Enterprise,EMEA,392155,20,313724.0,65,Won,
DEAL00799,REP023,2025-04-17,Enterprise,EMEA,421064,0,421064.0,102,Won,
DEAL00800,REP023,2024-10-28,Enterprise,EMEA,270307,30,189214.9,112,Lost,Competitor
DEAL00801,REP023,2025-04-28,Enterprise,EMEA,313065,20,250452.0,90,Won,
DEAL00802,REP023,2024-05-08,Enterprise,EMEA,499877,0,499877.0,134,Won,
DEAL00803,REP023,2024-07-13,Enterprise,EMEA,191070,10,171963.0,171,Lost,Timing
DEAL00804,REP023,2025-11-24,Enterprise,EMEA,499325,15,424426.25,126,Lost,No Decision
DEAL00805,REP023,2024-07-27,Enterprise,EMEA,262187,15,222858.95,107,Won,
DEAL00806,REP023,2025-07-30,Enterprise,EMEA,439403,5,417432.85,128,Won,
DEAL00807,REP023,2025-03-31,Enterprise,EMEA,302049,10,271844.1,123,Lost,Price
DEAL00808,REP023,2025-12-27,Enterprise,EMEA,181271,10,163143.9,123,Lost,Price
DEAL00809,REP023,2024-06-15,Enterprise,EMEA,445587,5,423307.65,169,Won,
DEAL00810,REP023,2024-04-08,Enterprise,EMEA,275725,10,248152.5,137,Lost,Competitor
DEAL00811,REP023,2025-05-04,Enterprise,EMEA,434943,10,391448.7,119,Won,
DEAL00812,REP023,2024-11-27,Enterprise,EMEA,476466,25,357349.5,155,Won,
DEAL00813,REP023,2025-02-17,Enterprise,EMEA,219599,0,219599.0,146,Won,
DEAL00814,REP023,2024-02-10,Enterprise,EMEA,395103,10,355592.7,128,Won,
DEAL00815,REP023,2024-05-15,Enterprise,EMEA,365593,5,347313.35,107,Lost,Missing Feature
DEAL00816,REP023,2025-08-01,Enterprise,EMEA,354340,5,336623.0,155,Won,
DEAL00817,REP023,2024-03-22,Enterprise,EMEA,472174,15,401347.9,72,Won,
DEAL00818,REP023,2024-01-19,Enterprise,EMEA,149757,20,119805.6,133,Won,
DEAL00819,REP023,2024-12-08,Enterprise,EMEA,312916,15,265978.6,139,Won,
DEAL00820,REP023,2024-08-13,Enterprise,EMEA,101783,10,91604.7,86,Lost,Price
DEAL00821,REP023,2024-07-29,Enterprise,EMEA,492004,0,492004.0,126,Lost,Missing Feature
DEAL00822,REP023,2024-06-17,Enterprise,EMEA,305156,20,244124.8,99,Won,
DEAL00823,REP023,2024-04-06,Enterprise,EMEA,169770,5,161281.5,141,Won,
DEAL00824,REP023,2024-10-14,Enterprise,EMEA,199329,15,169429.65,122,Lost,No Decision
DEAL00825,REP023,2025-09-08,Enterprise,EMEA,344042,5,326839.9,99,Won,
DEAL00826,REP023,2024-04-14,Enterprise,EMEA,270209,15,229677.65,111,Won,
DEAL00827,REP023,2024-12-06,Enterprise,EMEA,110108,10,99097.2,134,Lost,Price
DEAL00828,REP023,2024-02-08,Enterprise,EMEA,424078,0,424078.0,147,Lost,Price
DEAL00829,REP023,2025-07-14,Enterprise,EMEA,317815,10,286033.5,123,Won,
DEAL00830,REP023,2024-08-05,Enterprise,EMEA,324320,10,291888.0,122,Lost,Price
DEAL00831,REP023,2025-12-11,Enterprise,EMEA,377928,0,377928.0,176,Won,
DEAL00832,REP023,2024-02-17,Enterprise,EMEA,423361,5,402192.95,140,Lost,No Decision
DEAL00833,REP023,2024-02-05,Enterprise,EMEA,108177,10,97359.3,131,Won,
DEAL00834,REP023,2025-08-03,Enterprise,EMEA,265926,10,239333.4,73,Won,
DEAL00835,REP023,2025-07-01,Enterprise,EMEA,427371,0,427371.0,76,Won,
DEAL00836,REP023,2025-08-31,Enterprise,EMEA,110273,25,82704.75,106,Lost,Competitor
DEAL00837,REP023,2024-01-24,Enterprise,EMEA,183460,10,165114.0,114,Lost,Poor Fit
DEAL00838,REP023,2025-09-29,Enterprise,EMEA,146073,0,146073.0,165,Lost,Budget Cut
DEAL00839,REP023,2025-12-29,Enterprise,EMEA,340787,5,323747.65,119,Won,
DEAL00840,REP023,2024-03-06,Enterprise,EMEA,391517,5,371941.15,142,Won,
DEAL00841,REP023,2025-02-18,Enterprise,EMEA,249712,30,174798.4,120,Won,
DEAL00842,REP023,2025-03-15,Enterprise,EMEA,181526,20,145220.8,112,Won,
DEAL00843,REP023,2025-09-11,Enterprise,EMEA,186437,5,177115.15,104,Lost,Competitor
DEAL00844,REP023,2024-08-25,Enterprise,EMEA,371601,0,371601.0,100,Won,
DEAL00845,REP023,2024-05-02,Enterprise,EMEA,202020,0,202020.0,83,Lost,Timing
DEAL00846,REP023,2024-11-27,Enterprise,EMEA,310694,10,279624.6,90,Lost,Timing
DEAL00847,REP023,2025-07-06,Enterprise,EMEA,278270,0,278270.0,100,Lost,Competitor
DEAL00848,REP023,2025-12-19,Enterprise,EMEA,340014,0,340014.0,74,Lost,Missing Feature
DEAL00849,REP023,2024-10-02,Enterprise,EMEA,421827,0,421827.0,96,Lost,Price
DEAL00850,REP023,2025-10-03,Enterprise,EMEA,338788,5,321848.6,114,Lost,Price
DEAL00851,REP023,2025-07-21,Enterprise,EMEA,457109,15,388542.65,176,Won,
DEAL00852,REP023,2025-05-01,Enterprise,EMEA,418442,10,376597.8,128,Won,
DEAL00853,REP024,2025-03-10,SMB,North America,14893,0,14893.0,17,Won,
DEAL00854,REP024,2024-12-01,SMB,North America,15317,10,13785.3,23,Lost,Competitor
DEAL00855,REP024,2024-04-20,SMB,North America,23748,15,20185.8,33,Lost,Missing Feature
DEAL00856,REP024,2025-11-17,SMB,North America,7964,5,7565.8,27,Won,
DEAL00857,REP024,2024-11-25,SMB,North America,24116,5,22910.2,18,Lost,Competitor
DEAL00858,REP024,2024-11-30,SMB,North America,8756,20,7004.8,26,Won,
DEAL00859,REP024,2024-12-15,SMB,North America,22540,5,21413.0,24,Won,
DEAL00860,REP024,2024-01-20,SMB,North America,12902,5,12256.9,38,Lost,Competitor
DEAL00861,REP024,2025-12-01,SMB,North America,23302,15,19806.7,39,Lost,Competitor
DEAL00862,REP024,2024-03-23,SMB,North America,16101,10,14490.9,46,Lost,Price
DEAL00863,REP024,2025-10-29,SMB,North America,17674,0,17674.0,34,Lost,Missing Feature
DEAL00864,REP024,2025-03-18,SMB,North America,20032,0,20032.0,27,Lost,Price
DEAL00865,REP024,2024-11-26,SMB,North America,15280,0,15280.0,9,Won,
DEAL00866,REP024,2024-05-16,SMB,North America,15148,15,12875.8,37,Won,
DEAL00867,REP024,2024-07-15,SMB,North America,6119,10,5507.1,35,Won,
DEAL00868,REP024,2025-03-22,SMB,North America,16772,0,16772.0,33,Won,
DEAL00869,REP024,2025-06-02,SMB,North America,10176,0,10176.0,48,Lost,Competitor
DEAL00870,REP024,2024-01-03,SMB,North America,11015,15,9362.75,46,Lost,Competitor
DEAL00871,REP024,2025-08-31,SMB,North America,17176,0,17176.0,27,Lost,Timing
DEAL00872,REP024,2025-02-16,SMB,North America,23288,10,20959.2,27,Lost,Timing
DEAL00873,REP024,2025-04-01,SMB,North America,14623,5,13891.85,45,Lost,Poor Fit
DEAL00874,REP024,2024-09-02,SMB,North America,20907,5,19861.65,34,Won,
DEAL00875,REP024,2024-08-17,SMB,North America,16332,0,16332.0,35,Won,
DEAL00876,REP024,2024-10-19,SMB,North America,8819,10,7937.1,13,Won,
DEAL00877,REP024,2024-08-03,SMB,North America,24164,10,21747.6,24,Won,
DEAL00878,REP024,2025-06-09,SMB,North America,13799,5,13109.05,43,Won,
DEAL00879,REP024,2025-04-10,SMB,North America,10015,0,10015.0,32,Won,
DEAL00880,REP024,2024-06-09,SMB,North America,23423,15,19909.55,39,Lost,Timing
DEAL00881,REP024,2024-11-03,SMB,North America,13172,5,12513.4,35,Won,
DEAL00882,REP024,2024-05-29,SMB,North America,19826,15,16852.1,33,Won,
DEAL00883,REP024,2024-01-29,SMB,North America,5944,0,5944.0,31,Won,
DEAL00884,REP024,2025-06-07,SMB,North America,6665,20,5332.0,22,Lost,Price
DEAL00885,REP024,2024-06-11,SMB,North America,14460,20,11568.0,30,Lost,Competitor
DEAL00886,REP024,2025-06-17,SMB,North America,14338,10,12904.2,16,Lost,Price
DEAL00887,REP024,2024-09-05,SMB,North America,17245,5,16382.75,24,Lost,Price
DEAL00888,REP024,2025-01-05,SMB,North America,13411,15,11399.35,26,Lost,Price
DEAL00889,REP024,2024-09-10,SMB,North America,19409,15,16497.65,28,Won,
DEAL00890,REP024,2025-07-29,SMB,North America,15810,0,15810.0,31,Won,
DEAL00891,REP024,2024-07-25,SMB,North America,15441,0,15441.0,37,Lost,Price
DEAL00892,REP024,2025-05-30,SMB,North America,13260,0,13260.0,38,Won,
DEAL00893,REP024,2025-09-20,SMB,North America,18342,0,18342.0,14,Lost,Timing
DEAL00894,REP024,2024-04-14,SMB,North America,10023,5,9521.85,35,Won,
DEAL00895,REP024,2025-06-10,SMB,North America,16201,10,14580.9,37,Lost,Missing Feature
DEAL00896,REP024,2024-10-15,SMB,North America,15108,20,12086.4,40,Won,
DEAL00897,REP024,2024-12-15,SMB,North America,8625,5,8193.75,23,Won,
DEAL00898,REP024,2024-08-04,SMB,North America,16870,0,16870.0,34,Won,
DEAL00899,REP024,2024-08-15,SMB,North America,23756,5,22568.2,27,Lost,Competitor
DEAL00900,REP024,2024-06-13,SMB,North America,18084,10,16275.6,33,Won,
DEAL00901,REP024,2024-12-09,SMB,North America,13315,15,11317.75,22,Lost,Competitor
DEAL00902,REP024,2024-07-05,SMB,North America,19608,5,18627.6,25,Lost,Timing
DEAL00903,REP024,2025-03-09,SMB,North America,13689,5,13004.55,30,Won,
DEAL00904,REP024,2025-12-08,SMB,North America,23070,5,21916.5,30,Won,
DEAL00905,REP024,2024-02-20,SMB,North America,24984,25,18738.0,31,Lost,Competitor
DEAL00906,REP024,2024-04-27,SMB,North America,10748,25,8061.0,47,Lost,Competitor
DEAL00907,REP024,2025-11-13,SMB,North America,17684,5,16799.8,17,Won,
DEAL00908,REP025,2025-11-26,SMB,EMEA,7233,10,6509.7,24,Won,
DEAL00909,REP025,2024-04-11,SMB,EMEA,19364,10,17427.6,44,Won,
DEAL00910,REP025,2025-11-06,SMB,EMEA,22950,0,22950.0,28,Won,
DEAL00911,REP025,2024-09-17,SMB,EMEA,7339,10,6605.1,26,Lost,Competitor
DEAL00912,REP025,2025-10-18,SMB,EMEA,22391,20,17912.8,18,Won,
DEAL00913,REP025,2024-06-20,SMB,EMEA,10518,10,9466.2,33,Won,
DEAL00914,REP025,2025-09-12,SMB,EMEA,12595,10,11335.5,25,Won,
DEAL00915,REP025,2025-07-09,SMB,EMEA,14983,25,11237.25,36,Won,
DEAL00916,REP025,2024-03-14,SMB,EMEA,10691,20,8552.8,20,Won,
DEAL00917,REP025,2024-06-27,SMB,EMEA,11030,20,8824.0,31,Won,
DEAL00918,REP025,2024-01-30,SMB,EMEA,13977,5,13278.15,29,Won,
DEAL00919,REP025,2024-04-22,SMB,EMEA,12259,15,10420.15,20,Won,
DEAL00920,REP025,2025-05-17,SMB,EMEA,6501,25,4875.75,24,Lost,Missing Feature
DEAL00921,REP025,2025-09-18,SMB,EMEA,22945,10,20650.5,27,Won,
DEAL00922,REP025,2024-01-31,SMB,EMEA,16796,20,13436.8,39,Lost,Timing
DEAL00923,REP025,2025-11-03,SMB,EMEA,22504,10,20253.6,29,Won,
DEAL00924,REP025,2025-05-12,SMB,EMEA,16297,5,15482.15,34,Won,
DEAL00925,REP025,2025-12-29,SMB,EMEA,7413,0,7413.0,28,Lost,Budget Cut
DEAL00926,REP025,2024-03-28,SMB,EMEA,19785,0,19785.0,27,Won,
DEAL00927,REP025,2025-04-02,SMB,EMEA,21368,5,20299.6,29,Won,
DEAL00928,REP025,2025-11-20,SMB,EMEA,11387,5,10817.65,46,Lost,Competitor
DEAL00929,REP025,2025-06-10,SMB,EMEA,20380,10,18342.0,32,Won,
DEAL00930,REP025,2025-08-24,SMB,EMEA,14848,10,13363.2,39,Lost,Missing Feature
DEAL00931,REP025,2025-10-10,SMB,EMEA,19411,5,18440.45,29,Lost,Price
DEAL00932,REP025,2025-07-03,SMB,EMEA,24050,10,21645.0,40,Lost,Poor Fit
DEAL00933,REP025,2024-01-23,SMB,EMEA,11205,0,11205.0,28,Won,
DEAL00934,REP025,2024-01-24,SMB,EMEA,16059,20,12847.2,29,Won,
DEAL00935,REP025,2024-06-26,SMB,EMEA,23075,10,20767.5,22,Won,
DEAL00936,REP025,2025-01-15,SMB,EMEA,22351,15,18998.35,17,Lost,Timing
DEAL00937,REP025,2024-04-11,SMB,EMEA,24352,0,24352.0,36,Won,
DEAL00938,REP025,2024-03-10,SMB,EMEA,7787,0,7787.0,45,Lost,Poor Fit
DEAL00939,REP025,2025-11-19,SMB,EMEA,12607,10,11346.3,26,Lost,Competitor
DEAL00940,REP025,2025-09-14,SMB,EMEA,12654,20,10123.2,16,Lost,Price
DEAL00941,REP025,2024-08-07,SMB,EMEA,10615,10,9553.5,23,Won,
DEAL00942,REP025,2024-05-10,SMB,EMEA,8331,20,6664.8,34,Won,
DEAL00943,REP025,2024-01-20,SMB,EMEA,9818,0,9818.0,40,Won,
DEAL00944,REP025,2025-03-16,SMB,EMEA,14409,5,13688.55,28,Won,
DEAL00945,REP025,2025-12-14,SMB,EMEA,9770,10,8793.0,29,Won,
DEAL00946,REP025,2024-04-25,SMB,EMEA,18890,0,18890.0,32,Lost,Price
DEAL00947,REP025,2024-04-21,SMB,EMEA,13469,5,12795.55,34,Lost,Poor Fit
DEAL00948,REP025,2024-10-03,SMB,EMEA,24691,15,20987.35,26,Won,
DEAL00949,REP025,2024-03-26,SMB,EMEA,9838,20,7870.4,30,Won,
DEAL00950,REP025,2024-10-02,SMB,EMEA,7669,0,7669.0,33,Won,
DEAL00951,REP025,2024-03-22,SMB,EMEA,19891,5,18896.45,24,Won,
DEAL00952,REP025,2024-09-12,SMB,EMEA,21512,0,21512.0,23,Won,
DEAL00953,REP025,2025-03-30,SMB,EMEA,20198,15,17168.3,48,Lost,No Decision
DEAL00954,REP025,2024-09-21,SMB,EMEA,23518,5,22342.1,22,Lost,Timing
DEAL00955,REP025,2024-05-08,SMB,EMEA,15686,5,14901.7,33,Won,
DEAL00956,REP025,2025-07-26,SMB,EMEA,18337,30,12835.9,30,Won,
DEAL00957,REP025,2025-02-09,SMB,EMEA,22333,0,22333.0,15,Won,
DEAL00958,REP025,2024-07-09,SMB,EMEA,11932,10,10738.8,35,Won,
DEAL00959,REP025,2025-04-18,SMB,EMEA,11376,5,10807.2,28,Won,
DEAL00960,REP025,2025-02-08,SMB,EMEA,16164,20,12931.2,31,Won,
DEAL00961,REP025,2025-03-19,SMB,EMEA,14047,0,14047.0,38,Won,
DEAL00962,REP025,2025-12-16,SMB,EMEA,23054,20,18443.2,20,Won,
DEAL00963,REP025,2025-02-02,SMB,EMEA,22661,0,22661.0,25,Won,
DEAL00964,REP025,2025-02-10,SMB,EMEA,24323,5,23106.85,39,Won,
DEAL00965,REP025,2025-08-25,SMB,EMEA,11348,0,11348.0,25,Won,
DEAL00966,REP025,2025-08-18,SMB,EMEA,16969,15,14423.65,11,Won,
DEAL00967,REP025,2025-11-12,SMB,EMEA,5543,5,5265.85,24,Lost,Price
DEAL00968,REP025,2024-09-25,SMB,EMEA,23569,0,23569.0,27,Won,
DEAL00969,REP025,2025-11-10,SMB,EMEA,18961,20,15168.8,34,Lost,Missing Feature
DEAL00970,REP025,2024-08-18,SMB,EMEA,5558,20,4446.4,22,Won,
DEAL00971,REP025,2024-05-19,SMB,EMEA,15006,10,13505.4,20,Won,
DEAL00972,REP025,2025-08-03,SMB,EMEA,17417,25,13062.75,34,Lost,Budget Cut
DEAL00973,REP025,2025-01-18,SMB,EMEA,12148,5,11540.6,14,Won,
DEAL00974,REP025,2025-10-28,SMB,EMEA,11653,10,10487.7,7,Won,
DEAL00975,REP025,2024-09-06,SMB,EMEA,21895,0,21895.0,38,Won,
DEAL00976,REP025,2024-06-20,SMB,EMEA,16075,5,15271.25,37,Won,
DEAL00977,REP025,2025-05-12,SMB,EMEA,11537,10,10383.3,14,Won,
DEAL00978,REP025,2024-04-21,SMB,EMEA,21824,15,18550.4,31,Won,
DEAL00979,REP025,2024-09-01,SMB,EMEA,6586,10,5927.4,42,Lost,No Decision
DEAL00980,REP025,2024-04-24,SMB,EMEA,14868,0,14868.0,48,Lost,Timing
DEAL00981,REP025,2024-05-12,SMB,EMEA,6845,0,6845.0,34,Won,
DEAL00982,REP025,2025-08-07,SMB,EMEA,9629,0,9629.0,30,Won,
DEAL00983,REP025,2025-05-31,SMB,EMEA,20228,10,18205.2,24,Lost,Price
DEAL00984,REP026,2024-08-13,Enterprise,EMEA,142510,10,128259.0,112,Won,
DEAL00985,REP026,2025-01-15,Enterprise,EMEA,401776,20,321420.8,120,Lost,No Decision
DEAL00986,REP026,2025-01-08,Enterprise,EMEA,236243,20,188994.4,167,Lost,Price
DEAL00987,REP026,2024-03-29,Enterprise,EMEA,371898,0,371898.0,119,Lost,Poor Fit
DEAL00988,REP026,2025-06-01,Enterprise,EMEA,264818,5,251577.1,90,Lost,Competitor
DEAL00989,REP026,2024-05-17,Enterprise,EMEA,285353,10,256817.7,66,Lost,Price
DEAL00990,REP026,2025-01-30,Enterprise,EMEA,186569,20,149255.2,92,Won,
DEAL00991,REP026,2025-06-25,Enterprise,EMEA,269268,0,269268.0,137,Won,
DEAL00992,REP026,2025-08-10,Enterprise,EMEA,234556,0,234556.0,127,Lost,Price
DEAL00993,REP026,2024-01-17,Enterprise,EMEA,483021,10,434718.9,92,Won,
DEAL00994,REP026,2025-08-15,Enterprise,EMEA,247215,5,234854.25,51,Won,
DEAL00995,REP026,2024-11-23,Enterprise,EMEA,192551,0,192551.0,116,Lost,Competitor
DEAL00996,REP026,2024-01-31,Enterprise,EMEA,474968,10,427471.2,103,Won,
DEAL00997,REP026,2024-09-22,Enterprise,EMEA,141770,0,141770.0,102,Lost,Missing Feature
DEAL00998,REP026,2025-01-21,Enterprise,EMEA,219870,5,208876.5,85,Won,
DEAL00999,REP026,2025-09-27,Enterprise,EMEA,111171,0,111171.0,134,Won,
DEAL01000,REP026,2025-12-24,Enterprise,EMEA,235513,10,211961.7,139,Won,
DEAL01001,REP026,2024-10-30,Enterprise,EMEA,317223,5,301361.85,177,Won,
DEAL01002,REP026,2025-01-18,Enterprise,EMEA,443810,10,399429.0,134,Lost,Price
DEAL01003,REP026,2024-11-06,Enterprise,EMEA,446055,0,446055.0,121,Lost,Competitor
DEAL01004,REP026,2024-04-22,Enterprise,EMEA,325877,10,293289.3,87,Lost,Poor Fit
DEAL01005,REP026,2024-08-08,Enterprise,EMEA,162979,0,162979.0,105,Lost,No Decision
DEAL01006,REP026,2024-11-13,Enterprise,EMEA,307936,5,292539.2,52,Won,
DEAL01007,REP026,2024-09-03,Enterprise,EMEA,174888,0,174888.0,152,Won,
DEAL01008,REP026,2024-03-29,Enterprise,EMEA,342634,5,325502.3,160,Lost,Competitor
DEAL01009,REP026,2024-03-07,Enterprise,EMEA,218181,5,207271.95,156,Won,
DEAL01010,REP026,2024-07-17,Enterprise,EMEA,374732,0,374732.0,136,Lost,Price
DEAL01011,REP026,2024-03-17,Enterprise,EMEA,490265,15,416725.25,61,Lost,Competitor
DEAL01012,REP026,2024-06-16,Enterprise,EMEA,251781,10,226602.9,76,Won,
DEAL01013,REP026,2024-12-25,Enterprise,EMEA,159321,5,151354.95,69,Won,
DEAL01014,REP026,2024-03-06,Enterprise,EMEA,383805,20,307044.0,126,Won,
DEAL01015,REP026,2024-12-02,Enterprise,EMEA,427987,5,406587.65,82,Won,
DEAL01016,REP026,2024-01-02,Enterprise,EMEA,477371,20,381896.8,88,Won,
DEAL01017,REP026,2025-01-02,Enterprise,EMEA,439708,0,439708.0,162,Lost,Timing
DEAL01018,REP026,2024-09-30,Enterprise,EMEA,464904,15,395168.4,117,Lost,Price
DEAL01019,REP026,2024-07-16,Enterprise,EMEA,430433,5,408911.35,102,Lost,Timing
DEAL01020,REP026,2024-05-20,Enterprise,EMEA,159834,10,143850.6,178,Lost,Price
DEAL01021,REP026,2025-03-25,Enterprise,EMEA,498580,20,398864.0,79,Won,
DEAL01022,REP026,2025-08-10,Enterprise,EMEA,193676,5,183992.2,94,Won,
DEAL01023,REP026,2024-10-21,Enterprise,EMEA,274823,10,247340.7,147,Lost,Competitor
DEAL01024,REP027,2024-02-08,SMB,LATAM,14552,25,10914.0,16,Lost,Competitor
DEAL01025,REP027,2024-06-12,SMB,LATAM,22689,25,17016.75,22,Won,
DEAL01026,REP027,2025-11-11,SMB,LATAM,14177,0,14177.0,29,Lost,Missing Feature
DEAL01027,REP027,2024-02-28,SMB,LATAM,24521,0,24521.0,40,Lost,Timing
DEAL01028,REP027,2025-10-11,SMB,LATAM,12608,25,9456.0,24,Won,
DEAL01029,REP027,2025-10-09,SMB,LATAM,17876,15,15194.6,29,Lost,Competitor
DEAL01030,REP027,2025-12-02,SMB,LATAM,8485,10,7636.5,32,Lost,Competitor
DEAL01031,REP027,2025-05-19,SMB,LATAM,8354,10,7518.6,27,Lost,Price
DEAL01032,REP027,2024-02-13,SMB,LATAM,24865,20,19892.0,37,Lost,No Decision
DEAL01033,REP027,2024-07-25,SMB,LATAM,21543,5,20465.85,33,Won,
DEAL01034,REP027,2025-06-30,SMB,LATAM,18042,5,17139.9,46,Won,
DEAL01035,REP027,2024-05-28,SMB,LATAM,8405,0,8405.0,40,Lost,No Decision
DEAL01036,REP027,2024-06-22,SMB,LATAM,23011,5,21860.45,30,Lost,Budget Cut
DEAL01037,REP027,2024-04-26,SMB,LATAM,20424,20,16339.2,23,Won,
DEAL01038,REP027,2025-08-29,SMB,LATAM,6607,10,5946.3,46,Won,
DEAL01039,REP027,2024-06-24,SMB,LATAM,21450,0,21450.0,23,Won,
DEAL01040,REP027,2024-03-11,SMB,LATAM,18640,10,16776.0,21,Lost,Poor Fit
DEAL01041,REP027,2025-08-23,SMB,LATAM,5771,5,5482.45,20,Lost,Timing
DEAL01042,REP027,2024-11-19,SMB,LATAM,23426,10,21083.4,37,Lost,No Decision
DEAL01043,REP027,2024-10-09,SMB,LATAM,17541,0,17541.0,33,Lost,Competitor
DEAL01044,REP027,2024-08-04,SMB,LATAM,21083,20,16866.4,26,Lost,No Decision
DEAL01045,REP028,2025-09-05,SMB,LATAM,10577,20,8461.6,23,Lost,Poor Fit
DEAL01046,REP028,2025-01-14,SMB,LATAM,7623,30,5336.1,33,Won,
DEAL01047,REP028,2024-03-29,SMB,LATAM,16800,0,16800.0,26,Won,
DEAL01048,REP028,2024-04-20,SMB,LATAM,23538,0,23538.0,13,Won,
DEAL01049,REP028,2024-04-30,SMB,LATAM,13697,10,12327.3,36,Won,
DEAL01050,REP028,2025-08-21,SMB,LATAM,6071,5,5767.45,32,Lost,Missing Feature
DEAL01051,REP028,2024-03-19,SMB,LATAM,13273,10,11945.7,32,Lost,Price
DEAL01052,REP028,2025-12-14,SMB,LATAM,14371,5,13652.45,20,Won,
DEAL01053,REP028,2024-04-26,SMB,LATAM,16093,5,15288.35,16,Lost,Competitor
DEAL01054,REP028,2024-06-14,SMB,LATAM,5659,0,5659.0,26,Lost,Price
DEAL01055,REP028,2025-08-09,SMB,LATAM,22970,30,16079.0,22,Lost,Poor Fit
DEAL01056,REP028,2025-11-22,SMB,LATAM,17645,0,17645.0,31,Won,
DEAL01057,REP028,2024-03-18,SMB,LATAM,17769,5,16880.55,23,Won,
DEAL01058,REP028,2024-07-11,SMB,LATAM,16037,10,14433.3,23,Lost,Competitor
DEAL01059,REP028,2024-04-02,SMB,LATAM,5131,5,4874.45,28,Won,
DEAL01060,REP028,2025-02-20,SMB,LATAM,11846,5,11253.7,17,Won,
DEAL01061,REP028,2024-10-17,SMB,LATAM,13641,5,12958.95,38,Won,
DEAL01062,REP028,2025-01-30,SMB,LATAM,13444,5,12771.8,31,Lost,Budget Cut
DEAL01063,REP028,2025-09-03,SMB,LATAM,15362,0,15362.0,29,Lost,No Decision
DEAL01064,REP028,2024-11-27,SMB,LATAM,11895,0,11895.0,7,Lost,Price
DEAL01065,REP028,2025-03-07,SMB,LATAM,5862,0,5862.0,45,Lost,No Decision
DEAL01066,REP028,2025-10-30,SMB,LATAM,22546,5,21418.7,35,Won,
DEAL01067,REP028,2024-07-30,SMB,LATAM,8086,5,7681.7,37,Lost,Poor Fit
DEAL01068,REP028,2025-04-16,SMB,LATAM,20437,0,20437.0,42,Won,
DEAL01069,REP028,2025-08-07,SMB,LATAM,18487,5,17562.65,23,Lost,No Decision
DEAL01070,REP028,2025-06-02,SMB,LATAM,6002,10,5401.8,43,Won,
DEAL01071,REP028,2025-04-26,SMB,LATAM,12354,15,10500.9,31,Won,
DEAL01072,REP028,2025-01-25,SMB,LATAM,18510,15,15733.5,28,Lost,Missing Feature
DEAL01073,REP028,2025-07-11,SMB,LATAM,11229,20,8983.2,25,Won,
DEAL01074,REP028,2024-03-21,SMB,LATAM,14345,5,13627.75,31,Lost,Timing
DEAL01075,REP028,2025-07-15,SMB,LATAM,13836,0,13836.0,32,Won,
DEAL01076,REP028,2025-04-07,SMB,LATAM,16417,15,13954.45,30,Lost,Price
DEAL01077,REP028,2024-04-15,SMB,LATAM,7381,5,7011.95,25,Lost,No Decision
DEAL01078,REP028,2025-12-09,SMB,LATAM,18107,10,16296.3,39,Lost,Competitor
DEAL01079,REP028,2025-04-07,SMB,LATAM,21126,15,17957.1,19,Won,
DEAL01080,REP028,2024-11-16,SMB,LATAM,15760,5,14972.0,27,Won,
DEAL01081,REP028,2025-03-11,SMB,LATAM,7938,10,7144.2,29,Won,
DEAL01082,REP028,2025-03-13,SMB,LATAM,23732,5,22545.4,22,Won,
DEAL01083,REP028,2025-02-18,SMB,LATAM,21863,0,21863.0,37,Won,
DEAL01084,REP028,2025-07-26,SMB,LATAM,14432,0,14432.0,42,Lost,Competitor
DEAL01085,REP028,2025-01-08,SMB,LATAM,23732,10,21358.8,26,Lost,Timing
DEAL01086,REP028,2025-12-11,SMB,LATAM,20840,5,19798.0,28,Won,
DEAL01087,REP028,2025-03-03,SMB,LATAM,10811,0,10811.0,21,Lost,Timing
DEAL01088,REP029,2025-02-03,SMB,APAC,13576,15,11539.6,22,Lost,Timing
DEAL01089,REP029,2025-05-03,SMB,APAC,8892,20,7113.6,17,Won,
DEAL01090,REP029,2025-02-17,SMB,APAC,5295,10,4765.5,22,Lost,Price
DEAL01091,REP029,2024-06-26,SMB,APAC,13195,15,11215.75,42,Lost,Timing
DEAL01092,REP029,2025-04-27,SMB,APAC,21673,0,21673.0,12,Won,
DEAL01093,REP029,2025-07-15,SMB,APAC,6169,20,4935.2,34,Lost,Competitor
DEAL01094,REP029,2024-08-10,SMB,APAC,8312,10,7480.8,35,Won,
DEAL01095,REP029,2025-01-09,SMB,APAC,14537,20,11629.6,30,Lost,Missing Feature
DEAL01096,REP029,2025-06-20,SMB,APAC,19785,0,19785.0,34,Won,
DEAL01097,REP029,2025-01-27,SMB,APAC,19461,0,19461.0,16,Won,
DEAL01098,REP029,2025-03-31,SMB,APAC,16817,5,15976.15,23,Lost,No Decision
DEAL01099,REP029,2024-10-13,SMB,APAC,21783,10,19604.7,29,Won,
DEAL01100,REP029,2025-02-17,SMB,APAC,14119,10,12707.1,14,Won,
DEAL01101,REP029,2025-10-22,SMB,APAC,23779,0,23779.0,22,Lost,Price
DEAL01102,REP029,2024-09-10,SMB,APAC,17643,10,15878.7,29,Lost,No Decision
DEAL01103,REP029,2025-03-24,SMB,APAC,12216,10,10994.4,28,Lost,Budget Cut
DEAL01104,REP029,2024-03-19,SMB,APAC,20586,0,20586.0,41,Won,
DEAL01105,REP029,2024-03-11,SMB,APAC,21082,5,20027.9,26,Won,
DEAL01106,REP029,2024-06-13,SMB,APAC,13046,0,13046.0,46,Lost,Budget Cut
DEAL01107,REP029,2025-07-06,SMB,APAC,17794,5,16904.3,30,Lost,Price
DEAL01108,REP029,2025-12-09,SMB,APAC,19762,5,18773.9,39,Won,
DEAL01109,REP029,2024-09-03,SMB,APAC,12802,20,10241.6,26,Won,
DEAL01110,REP029,2025-11-29,SMB,APAC,14343,10,12908.7,30,Won,
DEAL01111,REP029,2025-10-02,SMB,APAC,21588,20,17270.4,23,Lost,No Decision
DEAL01112,REP029,2024-08-01,SMB,APAC,13103,0,13103.0,24,Won,
DEAL01113,REP029,2025-10-29,SMB,APAC,13709,5,13023.55,23,Lost,Timing
DEAL01114,REP029,2025-04-02,SMB,APAC,23696,5,22511.2,34,Won,
DEAL01115,REP029,2025-01-03,SMB,APAC,6244,0,6244.0,32,Lost,Timing
DEAL01116,REP029,2024-04-21,SMB,APAC,17170,5,16311.5,33,Won,
DEAL01117,REP029,2025-03-03,SMB,APAC,19312,10,17380.8,46,Won,
DEAL01118,REP029,2024-08-19,SMB,APAC,10721,10,9648.9,31,Lost,No Decision
DEAL01119,REP029,2024-07-08,SMB,APAC,21448,5,20375.6,44,Lost,Price
DEAL01120,REP029,2024-07-31,SMB,APAC,22332,0,22332.0,31,Lost,Price
DEAL01121,REP029,2025-09-16,SMB,APAC,19753,10,17777.7,34,Lost,Poor Fit
DEAL01122,REP029,2024-10-10,SMB,APAC,14835,10,13351.5,29,Lost,Price
DEAL01123,REP029,2024-11-17,SMB,APAC,18336,15,15585.6,35,Lost,Poor Fit
DEAL01124,REP029,2024-03-22,SMB,APAC,7040,25,5280.0,21,Lost,Price
DEAL01125,REP029,2024-07-15,SMB,APAC,16776,0,16776.0,28,Lost,Price
DEAL01126,REP029,2024-10-13,SMB,APAC,6258,15,5319.3,33,Lost,Budget Cut
DEAL01127,REP029,2025-09-29,SMB,APAC,17704,5,16818.8,45,Won,
DEAL01128,REP029,2025-06-07,SMB,APAC,9711,0,9711.0,19,Won,
DEAL01129,REP029,2024-03-31,SMB,APAC,10938,10,9844.2,27,Lost,Price
DEAL01130,REP029,2024-08-20,SMB,APAC,18457,10,16611.3,36,Lost,Competitor
DEAL01131,REP029,2025-08-12,SMB,APAC,24818,25,18613.5,22,Won,
DEAL01132,REP029,2024-03-23,SMB,APAC,18446,10,16601.4,21,Lost,Price
DEAL01133,REP029,2025-08-26,SMB,APAC,18570,5,17641.5,27,Won,
DEAL01134,REP029,2025-08-24,SMB,APAC,20939,0,20939.0,28,Won,
DEAL01135,REP029,2025-09-21,SMB,APAC,16071,0,16071.0,18,Lost,Competitor
DEAL01136,REP029,2024-03-27,SMB,APAC,12806,30,8964.2,33,Lost,No Decision
DEAL01137,REP030,2025-11-08,Mid-Market,EMEA,53288,10,47959.2,63,Won,
DEAL01138,REP030,2024-06-10,Mid-Market,EMEA,46017,5,43716.15,43,Lost,Competitor
DEAL01139,REP030,2025-07-26,Mid-Market,EMEA,96333,10,86699.7,57,Won,
DEAL01140,REP030,2025-03-28,Mid-Market,EMEA,60561,0,60561.0,37,Lost,Missing Feature
DEAL01141,REP030,2024-12-23,Mid-Market,EMEA,46248,0,46248.0,58,Won,
DEAL01142,REP030,2024-01-29,Mid-Market,EMEA,75840,15,64464.0,61,Won,
DEAL01143,REP030,2025-05-30,Mid-Market,EMEA,53610,10,48249.0,88,Won,
DEAL01144,REP030,2024-05-12,Mid-Market,EMEA,94909,5,90163.55,41,Won,
DEAL01145,REP030,2025-07-15,Mid-Market,EMEA,53688,5,51003.6,57,Lost,Price
DEAL01146,REP030,2024-07-05,Mid-Market,EMEA,48212,0,48212.0,77,Won,
DEAL01147,REP030,2025-03-24,Mid-Market,EMEA,75998,5,72198.1,36,Won,
DEAL01148,REP030,2025-12-21,Mid-Market,EMEA,38105,10,34294.5,63,Won,
DEAL01149,REP030,2024-07-29,Mid-Market,EMEA,71434,0,71434.0,96,Won,
DEAL01150,REP030,2024-08-09,Mid-Market,EMEA,70778,10,63700.2,43,Lost,Competitor
DEAL01151,REP030,2025-08-02,Mid-Market,EMEA,81908,5,77812.6,64,Won,
DEAL01152,REP030,2025-05-06,Mid-Market,EMEA,34127,5,32420.65,84,Won,
DEAL01153,REP030,2024-11-15,Mid-Market,EMEA,83764,15,71199.4,28,Lost,Competitor
DEAL01154,REP030,2025-10-04,Mid-Market,EMEA,51571,0,51571.0,37,Lost,Price
DEAL01155,REP030,2024-09-26,Mid-Market,EMEA,61498,0,61498.0,11,Won,
DEAL01156,REP030,2024-01-17,Mid-Market,EMEA,37453,10,33707.7,51,Won,
DEAL01157,REP030,2024-07-07,Mid-Market,EMEA,74993,0,74993.0,55,Won,
DEAL01158,REP030,2025-03-06,Mid-Market,EMEA,85964,10,77367.6,55,Won,
DEAL01159,REP030,2025-12-30,Mid-Market,EMEA,86926,15,73887.1,59,Won,
DEAL01160,REP030,2024-07-24,Mid-Market,EMEA,86717,5,82381.15,32,Won,
DEAL01161,REP030,2024-12-01,Mid-Market,EMEA,81172,20,64937.6,47,Won,
DEAL01162,REP030,2025-01-24,Mid-Market,EMEA,29803,5,28312.85,51,Won,
DEAL01163,REP030,2025-05-24,Mid-Market,EMEA,35826,0,35826.0,74,Won,
DEAL01164,REP030,2024-02-27,Mid-Market,EMEA,74047,15,62939.95,58,Won,
DEAL01165,REP030,2024-03-13,Mid-Market,EMEA,26982,5,25632.9,53,Lost,Poor Fit
DEAL01166,REP030,2024-02-12,Mid-Market,EMEA,41192,5,39132.4,63,Won,
DEAL01167,REP030,2024-02-25,Mid-Market,EMEA,90604,25,67953.0,78,Lost,Price
DEAL01168,REP030,2025-10-17,Mid-Market,EMEA,89014,10,80112.6,69,Won,
DEAL01169,REP030,2024-07-03,Mid-Market,EMEA,83630,5,79448.5,59,Lost,Poor Fit
DEAL01170,REP030,2024-01-07,Mid-Market,EMEA,74766,20,59812.8,62,Lost,Price
DEAL01171,REP030,2025-08-30,Mid-Market,EMEA,47064,15,40004.4,59,Won,
DEAL01172,REP030,2024-07-22,Mid-Market,EMEA,75530,15,64200.5,47,Won,
DEAL01173,REP030,2024-10-27,Mid-Market,EMEA,46676,25,35007.0,64,Won,
DEAL01174,REP030,2024-04-23,Mid-Market,EMEA,97843,20,78274.4,39,Won,
DEAL01175,REP030,2025-01-31,Mid-Market,EMEA,78884,5,74939.8,71,Won,
DEAL01176,REP030,2024-08-25,Mid-Market,EMEA,39693,10,35723.7,53,Won,
DEAL01177,REP030,2025-05-23,Mid-Market,EMEA,30962,30,21673.4,80,Won,
DEAL01178,REP030,2024-03-23,Mid-Market,EMEA,49248,0,49248.0,54,Won,
DEAL01179,REP030,2024-08-17,Mid-Market,EMEA,93008,5,88357.6,93,Won,
DEAL01180,REP030,2025-10-10,Mid-Market,EMEA,99990,0,99990.0,86,Lost,Missing Feature
DEAL01181,REP030,2025-05-07,Mid-Market,EMEA,73167,0,73167.0,54,Won,
DEAL01182,REP030,2025-08-11,Mid-Market,EMEA,69227,30,48458.9,68,Lost,Competitor
DEAL01183,REP030,2024-02-27,Mid-Market,EMEA,52262,20,41809.6,67,Won,
DEAL01184,REP030,2024-09-08,Mid-Market,EMEA,42221,15,35887.85,67,Won,
DEAL01185,REP030,2025-12-11,Mid-Market,EMEA,91968,10,82771.2,61,Won,
DEAL01186,REP030,2024-12-08,Mid-Market,EMEA,59930,15,50940.5,76,Won,
DEAL01187,REP030,2024-06-27,Mid-Market,EMEA,73716,15,62658.6,58,Won,
DEAL01188,REP030,2024-01-01,Mid-Market,EMEA,96435,0,96435.0,54,Won,
DEAL01189,REP030,2025-07-29,Mid-Market,EMEA,87714,5,83328.3,88,Lost,Price
DEAL01190,REP030,2025-08-05,Mid-Market,EMEA,67124,0,67124.0,68,Lost,Timing
DEAL01191,REP030,2024-03-05,Mid-Market,EMEA,79681,0,79681.0,94,Won,
DEAL01192,REP030,2025-07-22,Mid-Market,EMEA,69917,0,69917.0,60,Won,
DEAL01193,REP030,2024-03-20,Mid-Market,EMEA,77492,0,77492.0,50,Won,
DEAL01194,REP030,2025-04-29,Mid-Market,EMEA,56368,5,53549.6,49,Won,
DEAL01195,REP030,2025-05-02,Mid-Market,EMEA,53639,10,48275.1,67,Won,
DEAL01196,REP030,2025-09-28,Mid-Market,EMEA,97972,5,93073.4,63,Lost,Budget Cut
DEAL01197,REP030,2024-08-09,Mid-Market,EMEA,57326,0,57326.0,33,Lost,Competitor
DEAL01198,REP030,2025-01-17,Mid-Market,EMEA,96531,5,91704.45,43,Won,
DEAL01199,REP030,2025-11-25,Mid-Market,EMEA,27565,20,22052.0,59,Won,
DEAL01200,REP030,2025-04-11,Mid-Market,EMEA,53975,10,48577.5,49,Lost,Poor Fit
DEAL01201,REP030,2024-06-12,Mid-Market,EMEA,29897,5,28402.15,43,Won,
DEAL01202,REP030,2024-12-04,Mid-Market,EMEA,54482,5,51757.9,53,Won,
DEAL01203,REP030,2024-11-01,Mid-Market,EMEA,75500,0,75500.0,76,Won,
DEAL01204,REP030,2024-04-24,Mid-Market,EMEA,29600,25,22200.0,67,Lost,Timing
DEAL01205,REP030,2025-11-02,Mid-Market,EMEA,32670,20,26136.0,62,Lost,Timing
DEAL01206,REP030,2024-03-06,Mid-Market,EMEA,40852,5,38809.4,88,Lost,No Decision
DEAL01207,REP030,2025-11-10,Mid-Market,EMEA,96728,15,82218.8,64,Won,
DEAL01208,REP030,2024-01-03,Mid-Market,EMEA,34136,0,34136.0,54,Won,
DEAL01209,REP030,2024-07-17,Mid-Market,EMEA,67747,30,47422.9,64,Lost,Price
DEAL01210,REP030,2025-08-02,Mid-Market,EMEA,94926,5,90179.7,43,Won,
DEAL01211,REP030,2025-04-09,Mid-Market,EMEA,84965,5,80716.75,47,Won,
DEAL01212,REP030,2024-03-29,Mid-Market,EMEA,41167,10,37050.3,45,Won,
DEAL01213,REP030,2025-07-06,Mid-Market,EMEA,90471,10,81423.9,69,Won,
DEAL01214,REP030,2024-10-27,Mid-Market,EMEA,53520,25,40140.0,36,Won,
DEAL01215,REP030,2025-08-23,Mid-Market,EMEA,69488,5,66013.6,47,Won,
DEAL01216,REP030,2024-03-01,Mid-Market,EMEA,27108,5,25752.6,65,Won,
DEAL01217,REP031,2025-12-16,Mid-Market,North America,74574,0,74574.0,52,Won,
DEAL01218,REP031,2025-06-26,Mid-Market,North America,74874,5,71130.3,62,Won,
DEAL01219,REP031,2025-04-28,Mid-Market,North America,66394,5,63074.3,51,Won,
DEAL01220,REP031,2025-04-18,Mid-Market,North America,74999,25,56249.25,78,Lost,No Decision
DEAL01221,REP031,2024-06-25,Mid-Market,North America,57799,5,54909.05,68,Won,
DEAL01222,REP031,2024-12-31,Mid-Market,North America,37420,30,26194.0,59,Won,
DEAL01223,REP031,2025-08-07,Mid-Market,North America,73225,20,58580.0,36,Won,
DEAL01224,REP031,2025-01-16,Mid-Market,North America,97554,20,78043.2,40,Won,
DEAL01225,REP031,2025-04-16,Mid-Market,North America,83786,5,79596.7,54,Won,
DEAL01226,REP031,2024-09-27,Mid-Market,North America,74153,5,70445.35,78,Won,
DEAL01227,REP031,2025-11-22,Mid-Market,North America,30972,0,30972.0,64,Lost,Budget Cut
DEAL01228,REP031,2025-08-19,Mid-Market,North America,27599,0,27599.0,68,Lost,Timing
DEAL01229,REP031,2025-01-27,Mid-Market,North America,25018,10,22516.2,66,Won,
DEAL01230,REP031,2025-10-17,Mid-Market,North America,62487,0,62487.0,62,Lost,Competitor
DEAL01231,REP031,2025-04-23,Mid-Market,North America,36394,5,34574.3,78,Won,
DEAL01232,REP031,2025-10-12,Mid-Market,North America,95162,15,80887.7,58,Won,
DEAL01233,REP031,2025-03-21,Mid-Market,North America,72656,5,69023.2,39,Won,
DEAL01234,REP031,2025-05-26,Mid-Market,North America,86351,15,73398.35,53,Won,
DEAL01235,REP031,2024-09-08,Mid-Market,North America,93772,5,89083.4,20,Lost,Price
DEAL01236,REP031,2025-10-12,Mid-Market,North America,43165,0,43165.0,58,Lost,Competitor
DEAL01237,REP031,2025-12-03,Mid-Market,North America,84789,10,76310.1,34,Lost,Poor Fit
DEAL01238,REP031,2025-02-28,Mid-Market,North America,99525,0,99525.0,68,Lost,Poor Fit
DEAL01239,REP031,2024-09-11,Mid-Market,North America,55255,10,49729.5,66,Won,
DEAL01240,REP031,2025-10-09,Mid-Market,North America,98285,0,98285.0,20,Lost,Competitor
DEAL01241,REP031,2025-07-28,Mid-Market,North America,43540,0,43540.0,92,Lost,No Decision
DEAL01242,REP031,2025-09-24,Mid-Market,North America,81023,15,68869.55,23,Lost,Timing
DEAL01243,REP031,2024-12-26,Mid-Market,North America,96609,10,86948.1,50,Won,
DEAL01244,REP031,2025-08-23,Mid-Market,North America,54160,0,54160.0,40,Won,
DEAL01245,REP031,2025-09-15,Mid-Market,North America,46179,30,32325.3,36,Lost,Missing Feature
DEAL01246,REP031,2025-01-31,Mid-Market,North America,80775,0,80775.0,37,Won,
DEAL01247,REP031,2024-04-12,Mid-Market,North America,66098,30,46268.6,48,Won,
DEAL01248,REP031,2024-05-13,Mid-Market,North America,86417,10,77775.3,81,Won,
DEAL01249,REP031,2024-08-19,Mid-Market,North America,36628,25,27471.0,82,Lost,No Decision
DEAL01250,REP031,2024-11-16,Mid-Market,North America,66876,30,46813.2,58,Won,
DEAL01251,REP031,2024-08-12,Mid-Market,North America,76298,15,64853.3,55,Won,
DEAL01252,REP031,2025-07-13,Mid-Market,North America,70823,25,53117.25,52,Won,
DEAL01253,REP031,2024-09-04,Mid-Market,North America,92078,0,92078.0,82,Lost,Price
DEAL01254,REP031,2025-05-07,Mid-Market,North America,73435,25,55076.25,59,Won,
DEAL01255,REP031,2024-11-23,Mid-Market,North America,31028,0,31028.0,91,Lost,Competitor
DEAL01256,REP031,2024-11-12,Mid-Market,North America,39066,0,39066.0,75,Won,
DEAL01257,REP031,2024-11-10,Mid-Market,North America,36752,0,36752.0,65,Lost,Price
DEAL01258,REP031,2025-11-24,Mid-Market,North America,66556,20,53244.8,67,Lost,Price
DEAL01259,REP031,2025-09-10,Mid-Market,North America,53013,20,42410.4,46,Won,
DEAL01260,REP031,2024-07-18,Mid-Market,North America,35101,10,31590.9,34,Lost,No Decision
DEAL01261,REP031,2025-01-23,Mid-Market,North America,87110,10,78399.0,20,Won,
DEAL01262,REP031,2024-02-12,Mid-Market,North America,35511,30,24857.7,72,Lost,Price
DEAL01263,REP031,2025-10-10,Mid-Market,North America,26753,5,25415.35,39,Lost,Competitor
DEAL01264,REP032,2024-03-23,Enterprise,North America,272805,5,259164.75,123,Won,
DEAL01265,REP032,2024-09-08,Enterprise,North America,284859,0,284859.0,100,Won,
DEAL01266,REP032,2024-06-23,Enterprise,North America,219097,20,175277.6,137,Lost,Competitor
DEAL01267,REP032,2025-12-15,Enterprise,North America,311929,15,265139.65,98,Won,
DEAL01268,REP032,2024-06-19,Enterprise,North America,150374,10,135336.6,131,Won,
DEAL01269,REP032,2024-03-02,Enterprise,North America,334162,0,334162.0,98,Lost,Poor Fit
DEAL01270,REP032,2024-09-19,Enterprise,North America,239334,10,215400.6,86,Won,
DEAL01271,REP032,2024-03-14,Enterprise,North America,145643,5,138360.85,168,Lost,Competitor
DEAL01272,REP032,2025-02-13,Enterprise,North America,460138,10,414124.2,77,Lost,Budget Cut
DEAL01273,REP032,2025-03-31,Enterprise,North America,432554,25,324415.5,80,Won,
DEAL01274,REP032,2024-07-09,Enterprise,North America,336641,5,319808.95,123,Lost,Competitor
DEAL01275,REP032,2024-06-28,Enterprise,North America,337895,5,321000.25,137,Lost,No Decision
DEAL01276,REP032,2025-08-03,Enterprise,North America,242957,20,194365.6,86,Won,
DEAL01277,REP032,2024-06-25,Enterprise,North America,382469,0,382469.0,141,Won,
DEAL01278,REP032,2024-05-15,Enterprise,North America,140058,25,105043.5,127,Lost,Missing Feature
DEAL01279,REP032,2024-02-20,Enterprise,North America,390367,5,370848.65,159,Won,
DEAL01280,REP032,2024-11-21,Enterprise,North America,452195,15,384365.75,119,Won,
DEAL01281,REP032,2025-01-11,Enterprise,North America,147577,10,132819.3,112,Lost,Competitor
DEAL01282,REP032,2025-08-17,Enterprise,North America,443524,5,421347.8,122,Won,
DEAL01283,REP032,2025-12-06,Enterprise,North America,453886,15,385803.1,174,Won,
DEAL01284,REP032,2025-05-19,Enterprise,North America,246477,0,246477.0,13,Won,
DEAL01285,REP032,2025-03-11,Enterprise,North America,468954,15,398610.9,67,Lost,Missing Feature
DEAL01286,REP032,2025-04-05,Enterprise,North America,424437,20,339549.6,195,Lost,Price
DEAL01287,REP032,2024-09-21,Enterprise,North America,255194,0,255194.0,172,Won,
DEAL01288,REP032,2025-06-16,Enterprise,North America,206435,0,206435.0,159,Won,
DEAL01289,REP032,2025-03-17,Enterprise,North America,219318,15,186420.3,56,Lost,Budget Cut
DEAL01290,REP032,2024-01-16,Enterprise,North America,257781,0,257781.0,137,Lost,Price
DEAL01291,REP032,2024-06-10,Enterprise,North America,188918,15,160580.3,110,Lost,Competitor
DEAL01292,REP032,2024-06-04,Enterprise,North America,411295,15,349600.75,139,Lost,Timing
DEAL01293,REP032,2025-07-14,Enterprise,North America,491988,10,442789.2,120,Won,
DEAL01294,REP032,2025-08-07,Enterprise,North America,351767,5,334178.65,80,Lost,No Decision
DEAL01295,REP032,2025-04-22,Enterprise,North America,461990,20,369592.0,135,Lost,Missing Feature
DEAL01296,REP032,2024-09-29,Enterprise,North America,224750,5,213512.5,178,Lost,Price
DEAL01297,REP032,2024-11-05,Enterprise,North America,426880,0,426880.0,136,Lost,Competitor
DEAL01298,REP032,2025-05-13,Enterprise,North America,375576,20,300460.8,71,Lost,Competitor
DEAL01299,REP032,2025-05-31,Enterprise,North America,150357,0,150357.0,161,Lost,Poor Fit
DEAL01300,REP032,2025-11-18,Enterprise,North America,253877,0,253877.0,130,Won,
DEAL01301,REP032,2025-08-05,Enterprise,North America,141423,0,141423.0,60,Won,
DEAL01302,REP032,2025-02-20,Enterprise,North America,493126,15,419157.1,126,Won,
DEAL01303,REP032,2025-05-25,Enterprise,North America,162995,5,154845.25,142,Won,
DEAL01304,REP033,2024-08-07,Mid-Market,APAC,61343,0,61343.0,87,Lost,Competitor
DEAL01305,REP033,2024-11-29,Mid-Market,APAC,89264,0,89264.0,61,Lost,Price
DEAL01306,REP033,2024-12-23,Mid-Market,APAC,65028,0,65028.0,46,Won,
DEAL01307,REP033,2024-01-01,Mid-Market,APAC,52235,5,49623.25,75,Won,
DEAL01308,REP033,2025-05-14,Mid-Market,APAC,30277,25,22707.75,70,Won,
DEAL01309,REP033,2024-11-22,Mid-Market,APAC,81902,10,73711.8,47,Lost,Competitor
DEAL01310,REP033,2024-11-12,Mid-Market,APAC,94843,10,85358.7,74,Lost,Poor Fit
DEAL01311,REP033,2025-01-25,Mid-Market,APAC,98719,5,93783.05,63,Lost,No Decision
DEAL01312,REP033,2024-03-15,Mid-Market,APAC,62371,5,59252.45,58,Won,
DEAL01313,REP033,2024-11-17,Mid-Market,APAC,86005,0,86005.0,41,Lost,Poor Fit
DEAL01314,REP033,2024-09-27,Mid-Market,APAC,67294,10,60564.6,84,Lost,Budget Cut
DEAL01315,REP033,2025-07-29,Mid-Market,APAC,54715,5,51979.25,39,Lost,No Decision
DEAL01316,REP033,2024-09-05,Mid-Market,APAC,56325,10,50692.5,93,Won,
DEAL01317,REP033,2025-08-19,Mid-Market,APAC,92071,10,82863.9,64,Lost,Competitor
DEAL01318,REP033,2025-10-13,Mid-Market,APAC,26403,0,26403.0,54,Lost,Missing Feature
DEAL01319,REP033,2024-09-18,Mid-Market,APAC,37996,10,34196.4,43,Won,
DEAL01320,REP033,2024-04-20,Mid-Market,APAC,90254,5,85741.3,28,Lost,Timing
DEAL01321,REP033,2025-04-18,Mid-Market,APAC,67337,0,67337.0,79,Lost,Price
DEAL01322,REP033,2025-11-24,Mid-Market,APAC,85436,15,72620.6,75,Lost,Competitor
DEAL01323,REP033,2024-07-21,Mid-Market,APAC,67399,5,64029.05,33,Lost,Poor Fit
DEAL01324,REP033,2024-09-01,Mid-Market,APAC,46157,0,46157.0,68,Lost,Price
DEAL01325,REP033,2025-04-26,Mid-Market,APAC,62429,10,56186.1,90,Won,
DEAL01326,REP033,2025-08-21,Mid-Market,APAC,37202,0,37202.0,59,Won,
DEAL01327,REP033,2024-08-01,Mid-Market,APAC,43130,20,34504.0,59,Lost,Price
DEAL01328,REP033,2024-03-15,Mid-Market,APAC,86978,10,78280.2,66,Lost,Missing Feature
DEAL01329,REP033,2025-02-16,Mid-Market,APAC,82911,0,82911.0,25,Won,
DEAL01330,REP033,2024-01-10,Mid-Market,APAC,87239,10,78515.1,67,Won,
DEAL01331,REP033,2024-05-18,Mid-Market,APAC,81764,15,69499.4,63,Won,
DEAL01332,REP033,2024-06-09,Mid-Market,APAC,70975,5,67426.25,73,Lost,Budget Cut
DEAL01333,REP033,2024-09-29,Mid-Market,APAC,33418,0,33418.0,70,Won,
DEAL01334,REP033,2025-10-08,Mid-Market,APAC,42985,5,40835.75,42,Won,
DEAL01335,REP033,2024-09-08,Mid-Market,APAC,44299,10,39869.1,58,Won,
DEAL01336,REP033,2024-07-17,Mid-Market,APAC,42986,5,40836.7,77,Won,
DEAL01337,REP033,2024-12-23,Mid-Market,APAC,98728,0,98728.0,56,Won,
DEAL01338,REP033,2024-06-08,Mid-Market,APAC,91553,10,82397.7,54,Won,
DEAL01339,REP033,2025-04-25,Mid-Market,APAC,81224,10,73101.6,45,Won,
DEAL01340,REP033,2025-03-14,Mid-Market,APAC,51093,0,51093.0,60,Won,
DEAL01341,REP033,2025-10-19,Mid-Market,APAC,30207,5,28696.65,89,Won,
DEAL01342,REP033,2025-05-24,Mid-Market,APAC,42875,15,36443.75,41,Won,
DEAL01343,REP033,2025-01-01,Mid-Market,APAC,95597,5,90817.15,71,Won,
DEAL01344,REP033,2024-12-12,Mid-Market,APAC,57343,10,51608.7,37,Won,
DEAL01345,REP033,2024-07-17,Mid-Market,APAC,41959,0,41959.0,47,Won,
DEAL01346,REP033,2025-04-18,Mid-Market,APAC,61492,5,58417.4,59,Lost,Price
DEAL01347,REP034,2025-12-21,Mid-Market,APAC,38217,10,34395.3,70,Lost,Price
DEAL01348,REP034,2025-04-02,Mid-Market,APAC,73073,10,65765.7,51,Won,
DEAL01349,REP034,2024-01-10,Mid-Market,APAC,92916,0,92916.0,103,Won,
DEAL01350,REP034,2025-11-22,Mid-Market,APAC,85784,20,68627.2,65,Lost,No Decision
DEAL01351,REP034,2024-06-08,Mid-Market,APAC,46703,0,46703.0,53,Lost,Budget Cut
DEAL01352,REP034,2024-03-15,Mid-Market,APAC,84615,10,76153.5,64,Lost,Timing
DEAL01353,REP034,2024-08-26,Mid-Market,APAC,74515,25,55886.25,77,Lost,Competitor
DEAL01354,REP034,2025-07-02,Mid-Market,APAC,41350,25,31012.5,74,Lost,Missing Feature
DEAL01355,REP034,2025-05-13,Mid-Market,APAC,30465,0,30465.0,70,Lost,Poor Fit
DEAL01356,REP034,2025-11-01,Mid-Market,APAC,70420,5,66899.0,33,Lost,Timing
DEAL01357,REP034,2024-01-18,Mid-Market,APAC,80852,5,76809.4,77,Lost,Timing
DEAL01358,REP034,2025-04-23,Mid-Market,APAC,93850,10,84465.0,54,Won,
DEAL01359,REP034,2025-10-01,Mid-Market,APAC,81126,5,77069.7,38,Lost,Timing
DEAL01360,REP034,2024-08-11,Mid-Market,APAC,79051,0,79051.0,42,Won,
DEAL01361,REP034,2025-10-08,Mid-Market,APAC,43706,5,41520.7,45,Lost,Price
DEAL01362,REP034,2025-01-19,Mid-Market,APAC,46094,0,46094.0,92,Lost,Budget Cut
DEAL01363,REP034,2024-09-23,Mid-Market,APAC,78149,20,62519.2,80,Lost,Price
DEAL01364,REP034,2025-08-21,Mid-Market,APAC,49099,5,46644.05,52,Lost,Poor Fit
DEAL01365,REP034,2025-11-01,Mid-Market,APAC,73106,0,73106.0,63,Lost,Price
DEAL01366,REP034,2024-08-28,Mid-Market,APAC,32818,5,31177.1,36,Won,
DEAL01367,REP035,2025-01-15,Mid-Market,EMEA,83649,25,62736.75,59,Lost,Competitor
DEAL01368,REP035,2025-12-26,Mid-Market,EMEA,50165,5,47656.75,68,Won,
DEAL01369,REP035,2024-02-12,Mid-Market,EMEA,49866,5,47372.7,42,Lost,Missing Feature
DEAL01370,REP035,2024-11-28,Mid-Market,EMEA,31185,0,31185.0,58,Lost,Competitor
DEAL01371,REP035,2025-01-13,Mid-Market,EMEA,66644,15,56647.4,47,Lost,Timing
DEAL01372,REP035,2025-04-09,Mid-Market,EMEA,87703,0,87703.0,57,Won,
DEAL01373,REP035,2024-11-04,Mid-Market,EMEA,95565,20,76452.0,72,Won,
DEAL01374,REP035,2025-07-12,Mid-Market,EMEA,82602,15,70211.7,83,Lost,Poor Fit
DEAL01375,REP035,2024-03-03,Mid-Market,EMEA,86775,5,82436.25,74,Won,
DEAL01376,REP035,2024-08-01,Mid-Market,EMEA,78730,15,66920.5,71,Won,
DEAL01377,REP035,2024-07-16,Mid-Market,EMEA,91199,0,91199.0,40,Lost,Price
DEAL01378,REP035,2025-04-21,Mid-Market,EMEA,49737,5,47250.15,51,Lost,Competitor
DEAL01379,REP035,2025-03-23,Mid-Market,EMEA,65576,10,59018.4,78,Lost,Budget Cut
DEAL01380,REP035,2024-07-20,Mid-Market,EMEA,71002,15,60351.7,51,Won,
DEAL01381,REP035,2024-06-28,Mid-Market,EMEA,93380,30,65366.0,35,Won,
DEAL01382,REP035,2024-08-04,Mid-Market,EMEA,76599,0,76599.0,88,Lost,Missing Feature
DEAL01383,REP035,2024-08-27,Mid-Market,EMEA,38219,0,38219.0,44,Lost,Missing Feature
DEAL01384,REP035,2025-09-16,Mid-Market,EMEA,76331,5,72514.45,69,Lost,Price
DEAL01385,REP035,2025-02-15,Mid-Market,EMEA,36338,10,32704.2,65,Lost,Timing
DEAL01386,REP035,2025-05-12,Mid-Market,EMEA,44112,25,33084.0,32,Lost,Price
DEAL01387,REP035,2024-01-06,Mid-Market,EMEA,46320,10,41688.0,45,Lost,Timing
DEAL01388,REP035,2025-11-05,Mid-Market,EMEA,98765,0,98765.0,58,Won,
DEAL01389,REP035,2024-04-12,Mid-Market,EMEA,77365,5,73496.75,61,Won,
DEAL01390,REP035,2025-10-14,Mid-Market,EMEA,84893,10,76403.7,64,Won,
DEAL01391,REP035,2024-04-17,Mid-Market,EMEA,26120,0,26120.0,72,Lost,Competitor
DEAL01392,REP035,2024-09-10,Mid-Market,EMEA,35040,0,35040.0,53,Lost,Timing
DEAL01393,REP035,2024-08-25,Mid-Market,EMEA,43757,0,43757.0,86,Lost,Price
DEAL01394,REP035,2025-11-27,Mid-Market,EMEA,94519,5,89793.05,57,Won,
DEAL01395,REP035,2025-11-06,Mid-Market,EMEA,33002,0,33002.0,54,Won,
DEAL01396,REP035,2024-01-09,Mid-Market,EMEA,58743,0,58743.0,72,Lost,Poor Fit
DEAL01397,REP035,2025-10-23,Mid-Market,EMEA,46323,0,46323.0,65,Lost,Missing Feature
DEAL01398,REP035,2024-08-31,Mid-Market,EMEA,83542,5,79364.9,54,Won,
DEAL01399,REP035,2024-06-21,Mid-Market,EMEA,49671,15,42220.35,59,Lost,Price
DEAL01400,REP035,2024-06-09,Mid-Market,EMEA,95886,20,76708.8,41,Won,
DEAL01401,REP035,2025-10-01,Mid-Market,EMEA,81202,0,81202.0,53,Lost,Competitor
DEAL01402,REP035,2025-07-01,Mid-Market,EMEA,34102,0,34102.0,60,Won,
DEAL01403,REP035,2025-06-25,Mid-Market,EMEA,91865,0,91865.0,96,Lost,Missing Feature
DEAL01404,REP035,2025-05-12,Mid-Market,EMEA,48459,10,43613.1,81,Won,
DEAL01405,REP035,2024-08-17,Mid-Market,EMEA,96746,15,82234.1,47,Lost,Timing
DEAL01406,REP035,2024-03-20,Mid-Market,EMEA,45407,20,36325.6,58,Won,
DEAL01407,REP035,2025-11-08,Mid-Market,EMEA,79733,5,75746.35,52,Lost,No Decision
DEAL01408,REP035,2024-07-12,Mid-Market,EMEA,76529,30,53570.3,22,Won,
DEAL01409,REP035,2024-07-04,Mid-Market,EMEA,64056,0,64056.0,79,Lost,Price
DEAL01410,REP035,2025-05-30,Mid-Market,EMEA,46500,5,44175.0,58,Lost,Timing
DEAL01411,REP035,2025-06-08,Mid-Market,EMEA,64958,15,55214.3,84,Lost,Missing Feature
DEAL01412,REP035,2025-07-03,Mid-Market,EMEA,73505,0,73505.0,73,Lost,No Decision
DEAL01413,REP035,2024-12-13,Mid-Market,EMEA,92891,0,92891.0,57,Won,
DEAL01414,REP035,2025-07-22,Mid-Market,EMEA,86046,0,86046.0,97,Won,
DEAL01415,REP035,2024-05-16,Mid-Market,EMEA,60006,5,57005.7,74,Won,
DEAL01416,REP036,2024-04-28,SMB,North America,7621,0,7621.0,30,Won,
DEAL01417,REP036,2025-11-15,SMB,North America,19590,25,14692.5,20,Won,
DEAL01418,REP036,2025-08-27,SMB,North America,7416,0,7416.0,42,Won,
DEAL01419,REP036,2025-07-27,SMB,North America,6046,10,5441.4,27,Lost,Missing Feature
DEAL01420,REP036,2024-04-22,SMB,North America,11411,0,11411.0,22,Won,
DEAL01421,REP036,2025-03-06,SMB,North America,24672,0,24672.0,31,Won,
DEAL01422,REP036,2024-04-23,SMB,North America,21795,5,20705.25,40,Lost,No Decision
DEAL01423,REP036,2025-12-11,SMB,North America,9142,20,7313.6,27,Lost,Missing Feature
DEAL01424,REP036,2025-01-23,SMB,North America,22187,10,19968.3,26,Lost,No Decision
DEAL01425,REP036,2024-06-16,SMB,North America,14261,10,12834.9,37,Won,
DEAL01426,REP036,2025-12-03,SMB,North America,21127,15,17957.95,40,Won,
DEAL01427,REP036,2024-07-01,SMB,North America,21709,20,17367.2,40,Won,
DEAL01428,REP036,2025-01-25,SMB,North America,16446,0,16446.0,25,Lost,No Decision
DEAL01429,REP036,2024-09-19,SMB,North America,23420,5,22249.0,22,Won,
DEAL01430,REP036,2025-04-15,SMB,North America,23840,5,22648.0,23,Won,
DEAL01431,REP036,2024-04-20,SMB,North America,22558,0,22558.0,32,Lost,Competitor
DEAL01432,REP036,2024-11-29,SMB,North America,9872,0,9872.0,30,Won,
DEAL01433,REP036,2025-03-29,SMB,North America,10928,30,7649.6,38,Won,
DEAL01434,REP036,2024-12-19,SMB,North America,14940,0,14940.0,33,Won,
DEAL01435,REP036,2024-02-13,SMB,North America,23390,0,23390.0,38,Lost,Poor Fit
DEAL01436,REP036,2025-05-27,SMB,North America,14551,10,13095.9,41,Won,
DEAL01437,REP036,2024-05-17,SMB,North America,14465,0,14465.0,46,Won,
DEAL01438,REP036,2025-02-26,SMB,North America,9568,10,8611.2,32,Lost,Timing
DEAL01439,REP036,2025-08-04,SMB,North America,7216,5,6855.2,12,Lost,No Decision
DEAL01440,REP036,2025-11-28,SMB,North America,19392,20,15513.6,9,Won,
DEAL01441,REP036,2025-05-15,SMB,North America,19306,10,17375.4,21,Lost,No Decision
DEAL01442,REP036,2024-02-25,SMB,North America,22765,20,18212.0,41,Won,
DEAL01443,REP036,2024-02-06,SMB,North America,16317,0,16317.0,33,Won,
DEAL01444,REP036,2024-01-01,SMB,North America,5809,5,5518.55,27,Lost,No Decision
DEAL01445,REP036,2025-11-30,SMB,North America,5424,0,5424.0,34,Won,
DEAL01446,REP036,2024-10-07,SMB,North America,8019,0,8019.0,34,Won,
DEAL01447,REP036,2024-04-20,SMB,North America,15022,0,15022.0,27,Won,
DEAL01448,REP036,2025-07-21,SMB,North America,18255,10,16429.5,9,Won,
DEAL01449,REP036,2025-07-31,SMB,North America,23511,5,22335.45,36,Won,
DEAL01450,REP036,2025-07-19,SMB,North America,18704,5,17768.8,29,Lost,No Decision
DEAL01451,REP036,2024-06-01,SMB,North America,13906,0,13906.0,33,Won,
DEAL01452,REP036,2025-11-02,SMB,North America,14541,10,13086.9,18,Won,
DEAL01453,REP036,2025-07-06,SMB,North America,20426,0,20426.0,43,Won,
DEAL01454,REP036,2025-08-04,SMB,North America,7519,10,6767.1,32,Won,
DEAL01455,REP036,2024-09-30,SMB,North America,12703,0,12703.0,12,Lost,Poor Fit
DEAL01456,REP036,2025-07-23,SMB,North America,18536,0,18536.0,29,Won,
DEAL01457,REP036,2025-10-25,SMB,North America,20106,5,19100.7,30,Won,
DEAL01458,REP036,2025-08-07,SMB,North America,14412,15,12250.2,25,Won,
DEAL01459,REP036,2025-12-28,SMB,North America,24575,10,22117.5,23,Lost,Price
DEAL01460,REP036,2024-04-03,SMB,North America,22929,15,19489.65,41,Won,
DEAL01461,REP036,2025-03-22,SMB,North America,12608,0,12608.0,34,Lost,Competitor
DEAL01462,REP036,2024-10-08,SMB,North America,5931,5,5634.45,43,Won,
DEAL01463,REP036,2025-09-17,SMB,North America,19008,5,18057.6,37,Won,
DEAL01464,REP036,2024-12-16,SMB,North America,18228,10,16405.2,22,Won,
DEAL01465,REP036,2024-04-20,SMB,North America,15083,0,15083.0,35,Lost,No Decision
DEAL01466,REP036,2024-08-03,SMB,North America,15830,5,15038.5,41,Won,
DEAL01467,REP036,2025-01-26,SMB,North America,19328,0,19328.0,19,Won,
DEAL01468,REP036,2024-01-17,SMB,North America,8381,10,7542.9,37,Won,
DEAL01469,REP036,2025-12-26,SMB,North America,5339,5,5072.05,41,Lost,Competitor
DEAL01470,REP036,2024-03-19,SMB,North America,12733,10,11459.7,37,Won,
DEAL01471,REP036,2024-01-24,SMB,North America,12709,10,11438.1,27,Won,
DEAL01472,REP036,2024-10-30,SMB,North America,14741,0,14741.0,26,Won,
DEAL01473,REP036,2024-10-09,SMB,North America,19790,5,18800.5,15,Won,
DEAL01474,REP036,2024-03-21,SMB,North America,17953,0,17953.0,26,Lost,No Decision
DEAL01475,REP036,2024-04-05,SMB,North America,21506,10,19355.4,38,Won,
DEAL01476,REP036,2024-12-22,SMB,North America,7352,10,6616.8,32,Won,
DEAL01477,REP036,2024-09-18,SMB,North America,15133,0,15133.0,21,Won,
DEAL01478,REP036,2025-02-03,SMB,North America,18502,0,18502.0,28,Lost,Price
DEAL01479,REP036,2024-10-27,SMB,North America,19097,10,17187.3,22,Won,
DEAL01480,REP036,2025-08-31,SMB,North America,10999,0,10999.0,42,Won,
DEAL01481,REP036,2025-02-21,SMB,North America,23328,15,19828.8,32,Lost,Missing Feature
DEAL01482,REP036,2024-08-15,SMB,North America,15790,5,15000.5,27,Lost,Competitor
DEAL01483,REP036,2025-05-01,SMB,North America,22063,25,16547.25,29,Lost,No Decision
DEAL01484,REP036,2025-06-08,SMB,North America,22074,5,20970.3,38,Won,
DEAL01485,REP036,2025-09-29,SMB,North America,15114,10,13602.6,32,Won,
DEAL01486,REP036,2025-01-20,SMB,North America,10600,0,10600.0,13,Won,
DEAL01487,REP036,2025-12-23,SMB,North America,22889,5,21744.55,34,Won,
DEAL01488,REP037,2024-04-17,Mid-Market,North America,30635,20,24508.0,56,Lost,Missing Feature
DEAL01489,REP037,2025-06-09,Mid-Market,North America,85666,5,81382.7,66,Lost,No Decision
DEAL01490,REP037,2025-03-11,Mid-Market,North America,32311,0,32311.0,53,Won,
DEAL01491,REP037,2025-12-21,Mid-Market,North America,82052,5,77949.4,41,Lost,Competitor
DEAL01492,REP037,2025-04-26,Mid-Market,North America,98996,25,74247.0,42,Lost,No Decision
DEAL01493,REP037,2025-10-15,Mid-Market,North America,79039,0,79039.0,51,Lost,Timing
DEAL01494,REP037,2025-06-13,Mid-Market,North America,49136,0,49136.0,88,Won,
DEAL01495,REP037,2025-11-02,Mid-Market,North America,50852,0,50852.0,35,Won,
DEAL01496,REP037,2024-01-04,Mid-Market,North America,50649,5,48116.55,72,Lost,Price
DEAL01497,REP037,2025-10-29,Mid-Market,North America,51469,15,43748.65,82,Lost,Competitor
DEAL01498,REP037,2024-10-19,Mid-Market,North America,82367,5,78248.65,65,Lost,Price
DEAL01499,REP037,2024-01-29,Mid-Market,North America,70630,5,67098.5,52,Lost,Price
DEAL01500,REP037,2025-09-26,Mid-Market,North America,62471,0,62471.0,75,Lost,Missing Feature
DEAL01501,REP037,2025-04-21,Mid-Market,North America,95600,0,95600.0,40,Won,
DEAL01502,REP037,2024-01-28,Mid-Market,North America,43802,10,39421.8,52,Lost,Competitor
DEAL01503,REP037,2025-07-19,Mid-Market,North America,98513,10,88661.7,31,Won,
DEAL01504,REP037,2024-07-23,Mid-Market,North America,49507,0,49507.0,64,Lost,Missing Feature
DEAL01505,REP037,2025-05-21,Mid-Market,North America,64732,5,61495.4,70,Lost,Price
DEAL01506,REP037,2024-08-07,Mid-Market,North America,60035,5,57033.25,72,Lost,Timing
DEAL01507,REP037,2024-09-09,Mid-Market,North America,98309,5,93393.55,45,Lost,Competitor
DEAL01508,REP037,2024-08-01,Mid-Market,North America,50402,25,37801.5,113,Lost,Price
DEAL01509,REP037,2025-09-11,Mid-Market,North America,67988,0,67988.0,82,Lost,Missing Feature
DEAL01510,REP037,2024-10-19,Mid-Market,North America,27853,25,20889.75,57,Won,
DEAL01511,REP037,2025-08-11,Mid-Market,North America,95716,5,90930.2,72,Lost,Competitor
DEAL01512,REP037,2025-01-27,Mid-Market,North America,26935,10,24241.5,43,Lost,Budget Cut
DEAL01513,REP037,2025-03-01,Mid-Market,North America,80721,10,72648.9,90,Won,
DEAL01514,REP037,2025-11-19,Mid-Market,North America,61994,10,55794.6,70,Lost,Price
DEAL01515,REP038,2025-12-14,Mid-Market,North America,88253,5,83840.35,57,Won,
DEAL01516,REP038,2024-09-13,Mid-Market,North America,25557,15,21723.45,53,Lost,Budget Cut
DEAL01517,REP038,2025-05-25,Mid-Market,North America,99828,0,99828.0,85,Lost,Price
DEAL01518,REP038,2025-11-20,Mid-Market,North America,89578,0,89578.0,25,Lost,Timing
DEAL01519,REP038,2024-02-23,Mid-Market,North America,26431,15,22466.35,78,Lost,Price
DEAL01520,REP038,2025-08-04,Mid-Market,North America,47735,0,47735.0,56,Won,
DEAL01521,REP038,2024-09-11,Mid-Market,North America,37636,0,37636.0,75,Won,
DEAL01522,REP038,2025-03-17,Mid-Market,North America,27998,15,23798.3,40,Lost,Poor Fit
DEAL01523,REP038,2025-01-15,Mid-Market,North America,28072,15,23861.2,52,Won,
DEAL01524,REP038,2025-07-07,Mid-Market,North America,93633,10,84269.7,80,Won,
DEAL01525,REP038,2024-12-19,Mid-Market,North America,58921,25,44190.75,69,Won,
DEAL01526,REP038,2025-10-12,Mid-Market,North America,56489,0,56489.0,30,Lost,Price
DEAL01527,REP038,2025-06-16,Mid-Market,North America,58573,0,58573.0,31,Won,
DEAL01528,REP038,2024-03-09,Mid-Market,North America,35272,10,31744.8,66,Lost,Timing
DEAL01529,REP038,2025-01-24,Mid-Market,North America,76932,10,69238.8,72,Lost,Missing Feature
DEAL01530,REP038,2024-06-03,Mid-Market,North America,45121,5,42864.95,31,Lost,No Decision
DEAL01531,REP038,2024-05-23,Mid-Market,North America,85563,0,85563.0,63,Lost,No Decision
DEAL01532,REP038,2024-01-30,Mid-Market,North America,42918,0,42918.0,42,Lost,Timing
DEAL01533,REP038,2025-03-10,Mid-Market,North America,36655,30,25658.5,47,Won,
DEAL01534,REP038,2024-07-30,Mid-Market,North America,48640,5,46208.0,39,Lost,Missing Feature
DEAL01535,REP038,2024-08-27,Mid-Market,North America,46912,10,42220.8,73,Lost,Timing
DEAL01536,REP038,2024-02-23,Mid-Market,North America,58000,0,58000.0,42,Lost,Price
DEAL01537,REP038,2024-09-25,Mid-Market,North America,82751,5,78613.45,57,Won,
DEAL01538,REP038,2025-06-09,Mid-Market,North America,54655,5,51922.25,33,Lost,Competitor
DEAL01539,REP038,2025-01-26,Mid-Market,North America,72673,25,54504.75,62,Won,
DEAL01540,REP038,2025-05-09,Mid-Market,North America,37291,5,35426.45,38,Won,
DEAL01541,REP038,2025-08-21,Mid-Market,North America,93741,0,93741.0,35,Lost,No Decision
DEAL01542,REP038,2024-07-12,Mid-Market,North America,67568,5,64189.6,80,Won,
DEAL01543,REP038,2025-01-18,Mid-Market,North America,86383,25,64787.25,77,Won,
DEAL01544,REP038,2024-08-07,Mid-Market,North America,51440,10,46296.0,67,Won,
DEAL01545,REP038,2024-01-17,Mid-Market,North America,41611,0,41611.0,28,Won,
DEAL01546,REP038,2025-04-26,Mid-Market,North America,52906,10,47615.4,52,Lost,Poor Fit
DEAL01547,REP038,2024-05-04,Mid-Market,North America,89042,30,62329.4,63,Won,
DEAL01548,REP038,2025-04-25,Mid-Market,North America,37402,10,33661.8,71,Lost,Price
DEAL01549,REP038,2025-09-28,Mid-Market,North America,30050,0,30050.0,62,Lost,Competitor
DEAL01550,REP038,2024-02-11,Mid-Market,North America,68815,10,61933.5,41,Won,
DEAL01551,REP038,2025-07-06,Mid-Market,North America,53648,5,50965.6,9,Lost,Price
DEAL01552,REP038,2025-10-05,Mid-Market,North America,87806,5,83415.7,58,Won,
DEAL01553,REP038,2025-12-25,Mid-Market,North America,35244,5,33481.8,55,Lost,No Decision
DEAL01554,REP038,2025-12-30,Mid-Market,North America,69493,15,59069.05,37,Lost,Price
DEAL01555,REP038,2024-05-29,Mid-Market,North America,91561,10,82404.9,42,Won,
DEAL01556,REP039,2024-09-30,Mid-Market,APAC,82929,0,82929.0,77,Lost,Competitor
DEAL01557,REP039,2025-02-09,Mid-Market,APAC,37501,0,37501.0,81,Won,
DEAL01558,REP039,2025-12-26,Mid-Market,APAC,34402,10,30961.8,79,Won,
DEAL01559,REP039,2025-12-08,Mid-Market,APAC,51000,15,43350.0,51,Lost,Timing
DEAL01560,REP039,2024-01-17,Mid-Market,APAC,85659,5,81376.05,90,Lost,Competitor
DEAL01561,REP039,2025-03-12,Mid-Market,APAC,63079,5,59925.05,61,Won,
DEAL01562,REP039,2024-01-25,Mid-Market,APAC,94343,10,84908.7,62,Lost,Competitor
DEAL01563,REP039,2024-07-21,Mid-Market,APAC,87327,10,78594.3,74,Lost,No Decision
DEAL01564,REP039,2025-08-03,Mid-Market,APAC,58782,15,49964.7,64,Lost,Poor Fit
DEAL01565,REP039,2025-04-26,Mid-Market,APAC,91809,10,82628.1,64,Lost,Timing
DEAL01566,REP039,2025-06-27,Mid-Market,APAC,93447,0,93447.0,54,Won,
DEAL01567,REP039,2024-08-13,Mid-Market,APAC,61104,0,61104.0,44,Won,
DEAL01568,REP039,2024-10-26,Mid-Market,APAC,61392,0,61392.0,87,Lost,Price
DEAL01569,REP039,2025-12-27,Mid-Market,APAC,70798,15,60178.3,67,Won,
DEAL01570,REP039,2025-01-02,Mid-Market,APAC,62232,5,59120.4,65,Won,
DEAL01571,REP039,2024-01-26,Mid-Market,APAC,82172,20,65737.6,76,Lost,Price
DEAL01572,REP039,2024-11-19,Mid-Market,APAC,84491,0,84491.0,64,Lost,Missing Feature
DEAL01573,REP039,2024-04-19,Mid-Market,APAC,68574,20,54859.2,69,Lost,Price
DEAL01574,REP039,2025-02-28,Mid-Market,APAC,66348,20,53078.4,28,Lost,Competitor
DEAL01575,REP039,2025-07-18,Mid-Market,APAC,35191,5,33431.45,36,Won,
DEAL01576,REP039,2025-01-04,Mid-Market,APAC,75000,0,75000.0,90,Lost,Price
DEAL01577,REP039,2024-06-11,Mid-Market,APAC,91224,15,77540.4,27,Lost,No Decision
DEAL01578,REP039,2025-03-19,Mid-Market,APAC,96622,20,77297.6,78,Won,
DEAL01579,REP039,2024-05-09,Mid-Market,APAC,30290,0,30290.0,54,Won,
DEAL01580,REP039,2025-03-10,Mid-Market,APAC,73723,5,70036.85,77,Won,
DEAL01581,REP039,2024-04-04,Mid-Market,APAC,51013,25,38259.75,109,Won,
DEAL01582,REP039,2025-10-26,Mid-Market,APAC,75649,5,71866.55,28,Lost,Price
DEAL01583,REP039,2025-06-07,Mid-Market,APAC,37467,10,33720.3,83,Won,
DEAL01584,REP039,2025-11-23,Mid-Market,APAC,27590,0,27590.0,35,Lost,Price
DEAL01585,REP039,2024-08-31,Mid-Market,APAC,51295,5,48730.25,56,Won,
DEAL01586,REP039,2025-06-17,Mid-Market,APAC,30293,5,28778.35,74,Won,
DEAL01587,REP039,2024-03-17,Mid-Market,APAC,66970,5,63621.5,76,Won,
DEAL01588,REP039,2025-11-28,Mid-Market,APAC,53172,10,47854.8,59,Lost,Timing
DEAL01589,REP039,2024-01-01,Mid-Market,APAC,98509,25,73881.75,86,Lost,Timing
DEAL01590,REP039,2024-07-28,Mid-Market,APAC,69016,20,55212.8,49,Won,
DEAL01591,REP039,2025-11-13,Mid-Market,APAC,45781,5,43491.95,69,Lost,Competitor
DEAL01592,REP039,2024-01-24,Mid-Market,APAC,79476,10,71528.4,68,Lost,Missing Feature
DEAL01593,REP039,2025-11-07,Mid-Market,APAC,62630,10,56367.0,47,Won,
DEAL01594,REP039,2025-02-02,Mid-Market,APAC,96835,20,77468.0,51,Lost,Missing Feature
DEAL01595,REP039,2025-08-09,Mid-Market,APAC,46983,0,46983.0,80,Lost,Price
DEAL01596,REP039,2025-07-16,Mid-Market,APAC,53994,15,45894.9,74,Won,
DEAL01597,REP039,2024-01-28,Mid-Market,APAC,56748,0,56748.0,59,Lost,Price
DEAL01598,REP039,2024-10-30,Mid-Market,APAC,80122,5,76115.9,46,Won,
DEAL01599,REP040,2025-08-02,Mid-Market,North America,63585,20,50868.0,59,Lost,No Decision
DEAL01600,REP040,2024-12-14,Mid-Market,North America,42957,5,40809.15,77,Won,
DEAL01601,REP040,2025-01-04,Mid-Market,North America,38146,0,38146.0,33,Won,
DEAL01602,REP040,2025-09-25,Mid-Market,North America,84046,0,84046.0,60,Lost,Competitor
DEAL01603,REP040,2024-11-18,Mid-Market,North America,78276,5,74362.2,18,Lost,Price
DEAL01604,REP040,2025-06-15,Mid-Market,North America,88589,20,70871.2,57,Lost,Price
DEAL01605,REP040,2025-10-21,Mid-Market,North America,94086,10,84677.4,61,Lost,No Decision
DEAL01606,REP040,2024-06-23,Mid-Market,North America,89099,5,84644.05,46,Lost,Missing Feature
DEAL01607,REP040,2025-12-10,Mid-Market,North America,57174,5,54315.3,69,Lost,Timing
DEAL01608,REP040,2025-07-24,Mid-Market,North America,75955,10,68359.5,68,Lost,Competitor
DEAL01609,REP040,2025-01-13,Mid-Market,North America,44567,15,37881.95,80,Lost,Price
DEAL01610,REP040,2025-10-31,Mid-Market,North America,96657,10,86991.3,69,Lost,Competitor
DEAL01611,REP040,2025-11-09,Mid-Market,North America,64253,15,54615.05,68,Won,
DEAL01612,REP040,2024-11-01,Mid-Market,North America,97964,0,97964.0,19,Won,
DEAL01613,REP040,2025-03-16,Mid-Market,North America,77536,5,73659.2,53,Lost,Missing Feature
DEAL01614,REP040,2025-05-22,Mid-Market,North America,45221,15,38437.85,63,Lost,Price
DEAL01615,REP040,2025-11-08,Mid-Market,North America,45110,0,45110.0,65,Won,
DEAL01616,REP040,2024-03-01,Mid-Market,North America,81973,20,65578.4,63,Lost,Price
DEAL01617,REP040,2024-02-10,Mid-Market,North America,76845,5,73002.75,94,Won,
DEAL01618,REP040,2025-03-29,Mid-Market,North America,29052,5,27599.4,60,Lost,Price
DEAL01619,REP040,2025-11-25,Mid-Market,North America,76656,15,65157.6,35,Won,
DEAL01620,REP040,2024-06-17,Mid-Market,North America,82498,5,78373.1,32,Lost,Poor Fit
DEAL01621,REP040,2025-03-16,Mid-Market,North America,42916,0,42916.0,51,Lost,Price
DEAL01622,REP040,2024-12-13,Mid-Market,North America,76750,5,72912.5,33,Won,
DEAL01623,REP040,2025-04-09,Mid-Market,North America,81919,5,77823.05,61,Won,
DEAL01624,REP040,2024-08-20,Mid-Market,North America,34179,0,34179.0,49,Lost,Poor Fit
DEAL01625,REP040,2025-07-10,Mid-Market,North America,92156,10,82940.4,52,Won,
DEAL01626,REP040,2025-04-17,Mid-Market,North America,40144,0,40144.0,42,Lost,Missing Feature
DEAL01627,REP040,2024-02-26,Mid-Market,North America,73555,25,55166.25,57,Won,
DEAL01628,REP040,2024-02-23,Mid-Market,North America,50379,5,47860.05,59,Lost,Price
DEAL01629,REP040,2024-11-15,Mid-Market,North America,97792,25,73344.0,42,Lost,Timing
DEAL01630,REP040,2024-06-28,Mid-Market,North America,39891,5,37896.45,7,Lost,Price
DEAL01631,REP040,2024-03-17,Mid-Market,North America,93446,10,84101.4,39,Lost,Poor Fit
DEAL01632,REP040,2024-08-15,Mid-Market,North America,96016,15,81613.6,67,Won,
DEAL01633,REP040,2024-11-02,Mid-Market,North America,93345,20,74676.0,67,Lost,Price
DEAL01634,REP040,2025-10-16,Mid-Market,North America,54846,5,52103.7,41,Lost,No Decision
DEAL01635,REP040,2024-03-21,Mid-Market,North America,42421,5,40299.95,93,Lost,Poor Fit
